municipio;ano;area_total_ha;valor_total_mil_reais;total_status;n_produtos_cultivados;hhi_area;produto_lider_valor;valor_produto_lider;area_ha_Cana e forragens;area_ha_Fibras e fumo;area_ha_Frutas;area_ha_Grãos e oleaginosas;area_ha_Hortaliças;area_ha_Perenes comerciais;area_ha_Raízes e tubérculos;uf;ano_preliminar;pct_soja_milho_area;valor_por_ha_reais
Abaetetuba;2016;24480,0;269965,0;informado;18,0;0,648;Açaí;251160,0;100,0;0,0;19975,0;220,0;0,0;2135,0;2050,0;PA;False;0,4;11028,0
Abel Figueiredo;2016;1158,0;4232,0;informado;7,0;0,373;Mandioca;3479,0;0,0;0,0;14,0;544,0;0,0;0,0;600,0;PA;False;33,7;3655,0
Acará;2016;40077,0;296359,0;informado;13,0;0,331;Mandioca;118149,0;0,0;0,0;6752,0;75,0;0,0;14900,0;18350,0;PA;False;0,1;7395,0
Afuá;2016;140,0;1132,0;informado;2,0;0,592;Banana (cacho);747,0;0,0;0,0;40,0;0,0;0,0;0,0;100,0;PA;False;0,0;8086,0
Água Azul do Norte;2016;4687,0;20310,0;informado;8,0;0,789;Milho (em grão);12782,0;0,0;0,0;128,0;4229,0;0,0;30,0;300,0;PA;False;88,5;4333,0
Alenquer;2016;13797,0;118272,0;informado;17,0;0,366;Mandioca;86625,0;20,0;0,0;1697,0;3960,0;3,0;417,0;7700,0;PA;False;21,7;8572,0
Almeirim;2016;1057,0;11891,0;informado;13,0;0,205;Açaí;6123,0;0,0;0,0;287,0;210,0;0,0;160,0;400,0;PA;False;14,2;11250,0
Altamira;2016;19179,0;123318,0;informado;23,0;0,224;Cacau (em amêndoa);37137,0;30,0;0,0;3735,0;5205,0;8,0;7401,0;2800,0;PA;False;14,6;6430,0
Anajás;2016;240,0;2681,0;informado;4,0;0,347;Banana (cacho);1230,0;0,0;0,0;124,0;0,0;0,0;0,0;116,0;PA;False;0,0;11171,0
Ananindeua;2016;12,0;216,0;informado;1,0;1,0;Banana (cacho);216,0;0,0;0,0;12,0;0,0;0,0;0,0;0,0;PA;False;0,0;18000,0
Anapu;2016;7459,0;44582,0;informado;18,0;0,515;Cacau (em amêndoa);26532,0;0,0;0,0;1042,0;850,0;5,0;5322,0;240,0;PA;False;8,0;5977,0
Augusto Corrêa;2016;6347,0;28699,0;informado;17,0;0,546;Mandioca;19845,0;2,0;35,0;273,0;1468,0;0,0;69,0;4500,0;PA;False;2,4;4522,0
Aurora do Pará;2016;4305,0;68793,0;informado;11,0;0,503;Pimenta-do-reino;33000,0;0,0;0,0;375,0;380,0;0,0;550,0;3000,0;PA;False;5,6;15980,0
Aveiro;2016;3409,0;23580,0;informado;18,0;0,279;Mandioca;11250,0;5,0;0,0;440,0;1122,0;0,0;342,0;1500,0;PA;False;26,4;6917,0
Bagre;2016;154,0;2768,0;informado;4,0;0,45;Mandioca;1560,0;0,0;0,0;89,0;0,0;0,0;0,0;65,0;PA;False;0,0;17974,0
Baião;2016;2494,0;56604,0;informado;8,0;0,327;Pimenta-do-reino;51200,0;0,0;0,0;444,0;170,0;0,0;1580,0;300,0;PA;False;4,8;22696,0
Bannach;2016;141,0;403,0;informado;7,0;0,336;Mandioca;134,0;0,0;0,0;8,0;100,0;0,0;8,0;25,0;PA;False;53,2;2858,0
Barcarena;2016;11540,0;151552,0;informado;16,0;0,504;Açaí;134400,0;5,0;0,0;8555,0;660,0;0,0;1220,0;1100,0;PA;False;5,2;13133,0
Belém;2016;;;indisponivel;;;;;0,0;0,0;0,0;0,0;0,0;0,0;0,0;PA;False;;
Belterra;2016;22696,0;69749,0;informado;16,0;0,474;Soja (em grão);45118,0;0,0;0,0;218,0;21702,0;5,0;71,0;700,0;PA;False;93,3;3073,0
Benevides;2016;;;indisponivel;;;;;0,0;0,0;0,0;0,0;0,0;0,0;0,0;PA;False;;
Bom Jesus do Tocantins;2016;3059,0;11829,0;informado;12,0;0,386;Milho (em grão);2693,0;0,0;0,0;304,0;2430,0;0,0;25,0;300,0;PA;False;58,8;3867,0
Bonito;2016;10625,0;18845,0;informado;9,0;0,944;Dendê (cacho de coco);16508,0;0,0;5,0;110,0;55,0;0,0;10390,0;65,0;PA;False;0,5;1774,0
Bragança;2016;6780,0;43291,0;informado;14,0;0,569;Mandioca;36938,0;4,0;105,0;236,0;1410,0;0,0;15,0;5010,0;PA;False;13,3;6385,0
Brasil Novo;2016;6864,0;46110,0;informado;16,0;0,677;Cacau (em amêndoa);34502,0;0,0;0,0;702,0;330,0;1,0;5611,0;220,0;PA;False;4,4;6718,0
Brejo Grande do Araguaia;2016;1255,0;16925,0;informado;7,0;0,417;Banana (cacho);15073,0;0,0;0,0;575,0;620,0;0,0;0,0;60,0;PA;False;47,8;13486,0
Breu Branco;2016;7597,0;65274,0;informado;15,0;0,155;Pimenta-do-reino;27867,0;0,0;0,0;1607,0;3100,0;0,0;730,0;2160,0;PA;False;18,4;8592,0
Breves;2016;1001,0;9585,0;informado;4,0;0,452;Açaí;8111,0;0,0;0,0;615,0;0,0;0,0;0,0;386,0;PA;False;0,0;9575,0
Bujaru;2016;8567,0;123712,0;informado;11,0;0,558;Açaí;90720,0;0,0;0,0;6757,0;260,0;0,0;650,0;900,0;PA;False;1,5;14441,0
Cachoeira do Piriá;2016;1878,0;15655,0;informado;11,0;0,333;Mandioca;8049,0;0,0;150,0;333,0;370,0;0,0;15,0;1010,0;PA;False;13,3;8336,0
Cachoeira do Arari;2016;5460,0;41534,0;informado;5,0;0,693;Arroz (em casca);21664,0;0,0;0,0;760,0;4500,0;0,0;0,0;200,0;PA;False;0,0;7607,0
Cametá;2016;33054,0;221116,0;informado;14,0;0,433;Açaí;105168,0;0,0;0,0;20122,0;480,0;0,0;6852,0;5600,0;PA;False;0,5;6690,0
Canaã dos Carajás;2016;4319,0;26144,0;informado;8,0;0,612;Banana (cacho);14450,0;0,0;0,0;744,0;3335,0;0,0;0,0;240,0;PA;False;76,4;6053,0
Capanema;2016;5133,0;30467,0;informado;13,0;0,521;Feijão (em grão);14616,0;0,0;2,0;217,0;3654,0;0,0;60,0;1200,0;PA;False;2,9;5936,0
Capitão Poço;2016;16560,0;178053,0;informado;14,0;0,445;Laranja;108900,0;0,0;15,0;11325,0;1110,0;0,0;1010,0;3100,0;PA;False;6,0;10752,0
Castanhal;2016;12540,0;108880,0;informado;16,0;0,424;Mandioca;42000,0;0,0;0,0;1840,0;1150,0;0,0;1550,0;8000,0;PA;False;4,4;8683,0
Chaves;2016;70,0;283,0;informado;1,0;1,0;Mandioca;283,0;0,0;0,0;0,0;0,0;0,0;0,0;70,0;PA;False;0,0;4043,0
Colares;2016;338,0;1219,0;informado;8,0;0,692;Mandioca;717,0;0,0;0,0;38,0;20,0;0,0;0,0;280,0;PA;False;3,6;3607,0
Conceição do Araguaia;2016;4355,0;24097,0;informado;9,0;0,297;Abacaxi;17136,0;0,0;0,0;2165,0;1860,0;0,0;0,0;330,0;PA;False;37,2;5533,0
Concórdia do Pará;2016;23895,0;107907,0;informado;13,0;0,583;Dendê (cacho de coco);57996,0;0,0;0,0;2045,0;80,0;0,0;18870,0;2900,0;PA;False;0,2;4516,0
Cumaru do Norte;2016;23530,0;66660,0;informado;14,0;0,471;Soja (em grão);49500,0;60,0;0,0;405,0;22400,0;0,0;115,0;550,0;PA;False;88,4;2833,0
Curionópolis;2016;2680,0;13863,0;informado;6,0;0,587;Milho (em grão);4980,0;0,0;0,0;260,0;2000,0;0,0;0,0;420,0;PA;False;74,6;5173,0
Curralinho;2016;1103,0;12253,0;informado;14,0;0,306;Açaí;6000,0;3,0;0,0;342,0;5,0;0,0;353,0;400,0;PA;False;0,5;11109,0
Curuá;2016;646,0;4318,0;informado;9,0;0,409;Açaí;2562,0;0,0;0,0;483,0;123,0;0,0;0,0;40,0;PA;False;15,5;6684,0
Curuçá;2016;1851,0;24054,0;informado;15,0;0,229;Pimenta-do-reino;10120,0;0,0;0,0;584,0;140,0;0,0;327,0;800,0;PA;False;3,8;12995,0
Dom Eliseu;2016;91808,0;368150,0;informado;17,0;0,603;Soja (em grão);288750,0;0,0;0,0;293,0;91095,0;0,0;300,0;120,0;PA;False;89,3;4010,0
Eldorado do Carajás;2016;2773,0;14475,0;informado;8,0;0,306;Banana (cacho);6250,0;0,0;0,0;513,0;1340,0;0,0;120,0;800,0;PA;False;43,3;5220,0
Faro;2016;719,0;2666,0;informado;10,0;0,819;Mandioca;2223,0;12,0;0,0;35,0;22,0;0,0;0,0;650,0;PA;False;2,8;3708,0
Floresta do Araguaia;2016;21700,0;331854,0;informado;8,0;0,259;Abacaxi;283338,0;0,0;0,0;9480,0;11120,0;0,0;0,0;1100,0;PA;False;36,4;15293,0
Garrafão do Norte;2016;5645,0;53668,0;informado;11,0;0,21;Pimenta-do-reino;27950,0;0,0;5,0;825,0;1160,0;0,0;1555,0;2100,0;PA;False;11,5;9507,0
Goianésia do Pará;2016;4265,0;12318,0;informado;11,0;0,268;Mandioca;6667,0;0,0;0,0;120,0;2900,0;0,0;35,0;1210,0;PA;False;35,2;2888,0
Gurupá;2016;1076,0;11224,0;informado;13,0;0,234;Açaí;4560,0;4,0;0,0;479,0;168,0;0,0;105,0;320,0;PA;False;2,8;10431,0
Igarapé-Açu;2016;9011,0;100487,0;informado;15,0;0,372;Pimenta-do-reino;66000,0;0,0;0,0;606,0;450,0;0,0;6355,0;1600,0;PA;False;2,8;11152,0
Igarapé-Miri;2016;38750,0;665757,0;informado;14,0;0,864;Açaí;656986,0;10,0;0,0;36150,0;72,0;0,0;488,0;2030,0;PA;False;0,1;17181,0
Inhangapi;2016;4716,0;38145,0;informado;13,0;0,382;Açaí;20685,0;0,0;0,0;2556,0;5,0;0,0;155,0;2000,0;PA;False;0,0;8088,0
Ipixuna do Pará;2016;8210,0;67363,0;informado;9,0;0,341;Pimenta-do-reino;33000,0;0,0;0,0;60,0;2150,0;0,0;1500,0;4500,0;PA;False;17,1;8205,0
Irituia;2016;3930,0;26458,0;informado;15,0;0,218;Açaí;8100,0;0,0;50,0;985,0;640,0;0,0;1655,0;600,0;PA;False;10,2;6732,0
Itaituba;2016;6759,0;83549,0;informado;21,0;0,201;Banana (cacho);29988,0;5,0;0,0;2471,0;2255,0;5,0;208,0;1815,0;PA;False;14,8;12361,0
Itupiranga;2016;7667,0;48963,0;informado;10,0;0,358;Mandioca;29216,0;0,0;0,0;1067,0;3100,0;0,0;100,0;3400,0;PA;False;39,1;6386,0
Jacareacanga;2016;2593,0;22984,0;informado;11,0;0,428;Mandioca;12960,0;8,0;0,0;293,0;685,0;0,0;7,0;1600,0;PA;False;2,7;8864,0
Jacundá;2016;3241,0;12740,0;informado;9,0;0,289;Mandioca;7297,0;0,0;0,0;119,0;2100,0;0,0;12,0;1010,0;PA;False;30,9;3931,0
Juruti;2016;12357,0;46932,0;informado;13,0;0,943;Mandioca;43200,0;12,0;18,0;252,0;75,0;0,0;0,0;12000,0;PA;False;0,2;3798,0
Limoeiro do Ajuru;2016;6922,0;32302,0;informado;10,0;0,923;Açaí;30324,0;0,0;0,0;6684,0;50,0;0,0;58,0;130,0;PA;False;0,2;4667,0
Mãe do Rio;2016;1883,0;17573,0;informado;7,0;0,276;Pimenta-do-reino;10725,0;0,0;0,0;90,0;1000,0;0,0;130,0;663,0;PA;False;31,9;9332,0
Magalhães Barata;2016;1130,0;7083,0;informado;10,0;0,521;Mandioca;2784,0;0,0;0,0;298,0;20,0;0,0;12,0;800,0;PA;False;0,9;6268,0
Marabá;2016;13129,0;59134,0;informado;14,0;0,371;Mandioca;30017,0;0,0;0,0;1129,0;6800,0;0,0;0,0;5200,0;PA;False;49,5;4504,0
Maracanã;2016;1892,0;12078,0;informado;15,0;0,368;Mandioca;4070,0;0,0;0,0;270,0;350,0;0,0;172,0;1100,0;PA;False;13,2;6384,0
Marapanim;2016;2271,0;13530,0;informado;12,0;0,705;Mandioca;10545,0;0,0;0,0;167,0;184,0;0,0;20,0;1900,0;PA;False;4,0;5958,0
Marituba;2016;;;indisponivel;;;;;0,0;0,0;0,0;0,0;0,0;0,0;0,0;PA;False;;
Medicilândia;2016;42502,0;347354,0;informado;18,0;0,828;Cacau (em amêndoa);301032,0;0,0;0,0;2973,0;725,0;10,0;38634,0;160,0;PA;False;1,4;8173,0
Melgaço;2016;1425,0;19575,0;informado;4,0;0,571;Mandioca;10000,0;0,0;0,0;1025,0;0,0;0,0;0,0;400,0;PA;False;0,0;13737,0
Mocajuba;2016;3547,0;54603,0;informado;10,0;0,232;Pimenta-do-reino;37091,0;0,0;0,0;667,0;130,0;0,0;2000,0;750,0;PA;False;1,7;15394,0
Moju;2016;27768,0;201352,0;informado;18,0;0,218;Açaí;58500,0;0,0;0,0;12990,0;1050,0;0,0;7328,0;6400,0;PA;False;3,2;7251,0
Mojuí dos Campos;2016;22903,0;69633,0;informado;20,0;0,419;Soja (em grão);36900,0;5,0;0,0;483,0;21175,0;5,0;35,0;1200,0;PA;False;89,3;3040,0
Monte Alegre;2016;20344,0;98439,0;informado;21,0;0,444;Limão;51840,0;10,0;0,0;1973,0;15107,0;50,0;204,0;3000,0;PA;False;63,9;4839,0
Muaná;2016;2714,0;87626,0;informado;7,0;0,85;Açaí;87143,0;0,0;0,0;2590,0;44,0;0,0;30,0;50,0;PA;False;1,1;32287,0
Nova Esperança do Piriá;2016;2395,0;35036,0;informado;10,0;0,311;Pimenta-do-reino;18660,0;0,0;30,0;320,0;395,0;0,0;450,0;1200,0;PA;False;3,3;14629,0
Nova Ipixuna;2016;1546,0;5435,0;informado;8,0;0,353;Mandioca;1987,0;0,0;0,0;200,0;1040,0;0,0;6,0;300,0;PA;False;54,3;3516,0
Nova Timboteua;2016;1895,0;26138,0;informado;9,0;0,258;Pimenta-do-reino;16930,0;0,0;0,0;95,0;350,0;0,0;650,0;800,0;PA;False;7,9;13793,0
Novo Progresso;2016;34472,0;88591,0;informado;19,0;0,359;Soja (em grão);48000,0;5,0;0,0;304,0;33152,0;0,0;11,0;1000,0;PA;False;60,9;2570,0
Novo Repartimento;2016;27642,0;197466,0;informado;11,0;0,262;Banana (cacho);132384,0;0,0;0,0;7016,0;8300,0;0,0;10816,0;1510,0;PA;False;21,7;7144,0
Óbidos;2016;13940,0;62672,0;informado;14,0;0,753;Mandioca;56808,0;20,0;0,0;307,0;1610,0;0,0;3,0;12000,0;PA;False;10,8;4496,0
Oeiras do Pará;2016;12092,0;120003,0;informado;10,0;0,493;Mandioca;67200,0;0,0;0,0;3202,0;370,0;0,0;520,0;8000,0;PA;False;1,0;9924,0
Oriximiná;2016;15525,0;61382,0;informado;12,0;0,934;Mandioca;57240,0;15,0;0,0;255,0;255,0;0,0;0,0;15000,0;PA;False;0,8;3954,0
Ourém;2016;1707,0;16349,0;informado;9,0;0,378;Pimenta-do-reino;8268,0;0,0;2,0;255,0;250,0;0,0;200,0;1000,0;PA;False;5,9;9578,0
Ourilândia do Norte;2016;1004,0;11142,0;informado;10,0;0,249;Cacau (em amêndoa);3535,0;0,0;0,0;207,0;252,0;0,0;420,0;125,0;PA;False;19,9;11098,0
Pacajá;2016;9866,0;55991,0;informado;18,0;0,26;Cacau (em amêndoa);18138,0;5,0;0,0;884,0;2903,0;0,0;4474,0;1600,0;PA;False;20,3;5675,0
Palestina do Pará;2016;910,0;7932,0;informado;4,0;0,331;Banana (cacho);5750,0;0,0;0,0;300,0;470,0;0,0;0,0;140,0;PA;False;44,0;8716,0
Paragominas;2016;124998,0;559681,0;informado;15,0;0,679;Soja (em grão);421423,0;0,0;0,0;255,0;119398,0;0,0;845,0;4500,0;PA;False;90,0;4478,0
Parauapebas;2016;9335,0;103193,0;informado;16,0;0,2;Mandioca;42900,0;0,0;0,0;2300,0;4300,0;65,0;120,0;2550,0;PA;False;36,4;11054,0
Pau D'Arco;2016;1350,0;6772,0;informado;9,0;0,23;Mandioca;1760,0;150,0;0,0;103,0;877,0;0,0;0,0;220,0;PA;False;59,3;5016,0
Peixe-Boi;2016;1688,0;8152,0;informado;13,0;0,258;Mandioca;3995,0;0,0;6,0;352,0;650,0;0,0;30,0;650,0;PA;False;23,7;4829,0
Piçarra;2016;5566,0;19701,0;informado;6,0;0,564;Milho (em grão);14071,0;0,0;0,0;85,0;4027,0;0,0;274,0;1180,0;PA;False;71,9;3540,0
Placas;2016;15993,0;108488,0;informado;15,0;0,406;Cacau (em amêndoa);55365,0;30,0;0,0;1932,0;2370,0;0,0;10461,0;1200,0;PA;False;10,3;6783,0
Ponta de Pedras;2016;3414,0;21543,0;informado;6,0;0,935;Açaí;21054,0;0,0;0,0;3341,0;43,0;0,0;0,0;30,0;PA;False;0,4;6310,0
Portel;2016;34520,0;150752,0;informado;4,0;0,599;Mandioca;76140,0;0,0;0,0;25005,0;115,0;0,0;0,0;9400,0;PA;False;0,3;4367,0
Porto de Moz;2016;1206,0;10097,0;informado;16,0;0,186;Açaí;3000,0;15,0;0,0;451,0;310,0;0,0;30,0;400,0;PA;False;11,6;8372,0
Prainha;2016;2960,0;26390,0;informado;18,0;0,388;Mandioca;16200,0;10,0;0,0;637,0;400,0;8,0;105,0;1800,0;PA;False;6,8;8916,0
Primavera;2016;1299,0;6632,0;informado;6,0;0,433;Mandioca;4992,0;0,0;0,0;70,0;406,0;0,0;23,0;800,0;PA;False;19,2;5105,0
Quatipuru;2016;622,0;3882,0;informado;13,0;0,438;Mandioca;2458,0;0,0;5,0;127,0;90,0;0,0;0,0;400,0;PA;False;6,4;6241,0
Redenção;2016;10838,0;50270,0;informado;11,0;0,284;Mandioca;20625,0;90,0;0,0;230,0;7768,0;0,0;0,0;2750,0;PA;False;63,3;4638,0
Rio Maria;2016;1572,0;18028,0;informado;9,0;0,21;Abacaxi;13284,0;0,0;0,0;435,0;1090,0;0,0;0,0;47,0;PA;False;50,9;11468,0
Rondon do Pará;2016;41986,0;161547,0;informado;9,0;0,908;Soja (em grão);150000,0;0,0;0,0;90,0;41270,0;26,0;0,0;600,0;PA;False;97,7;3848,0
Rurópolis;2016;9323,0;36699,0;informado;17,0;0,153;Mandioca;7650,0;35,0;0,0;2367,0;4500,0;0,0;1571,0;850,0;PA;False;31,1;3936,0
Salinópolis;2016;786,0;3263,0;informado;8,0;0,296;Mandioca;2201,0;0,0;0,0;226,0;210,0;0,0;0,0;350,0;PA;False;12,7;4151,0
Salvaterra;2016;1090,0;15748,0;informado;5,0;0,44;Abacaxi;13530,0;0,0;0,0;450,0;600,0;0,0;0,0;40,0;PA;False;0,0;14448,0
Santa Bárbara do Pará;2016;50,0;253,0;informado;3,0;0,36;Açaí;243,0;0,0;0,0;20,0;30,0;0,0;0,0;0,0;PA;False;40,0;5060,0
Santa Izabel do Pará;2016;1205,0;14529,0;informado;8,0;0,449;Açaí;10500,0;0,0;0,0;805,0;0,0;0,0;400,0;0,0;PA;False;0,0;12057,0
Santa Luzia do Pará;2016;1921,0;11358,0;informado;11,0;0,265;Pimenta-do-reino;6000,0;0,0;60,0;220,0;610,0;0,0;181,0;850,0;PA;False;10,4;5913,0
Santa Maria das Barreiras;2016;24656,0;66197,0;informado;11,0;0,385;Soja (em grão);37688,0;114,0;0,0;342,0;23310,0;0,0;0,0;890,0;PA;False;72,4;2685,0
Santa Maria do Pará;2016;6567,0;43074,0;informado;11,0;0,595;Mandioca;31500,0;0,0;0,0;319,0;560,0;0,0;688,0;5000,0;PA;False;8,4;6559,0
Santana do Araguaia;2016;72376,0;211552,0;informado;10,0;0,858;Soja (em grão);188136,0;35,0;0,0;111,0;70450,0;0,0;780,0;1000,0;PA;False;94,6;2923,0
Santarém;2016;48632,0;234115,0;informado;21,0;0,339;Mandioca;143682,0;15,0;0,0;573,0;26025,0;15,0;234,0;21770,0;PA;False;50,2;4814,0
Santarém Novo;2016;960,0;6178,0;informado;7,0;0,43;Mandioca;4176,0;0,0;0,0;55,0;270,0;0,0;35,0;600,0;PA;False;10,4;6435,0
Santo Antônio do Tauá;2016;10050,0;74793,0;informado;14,0;0,486;Dendê (cacho de coco);30912,0;0,0;0,0;2320,0;100,0;0,0;7280,0;350,0;PA;False;0,5;7442,0
São Caetano de Odivelas;2016;997,0;6855,0;informado;14,0;0,388;Mandioca;2160,0;0,0;0,0;288,0;78,0;0,0;31,0;600,0;PA;False;1,8;6876,0
São Domingos do Araguaia;2016;3895,0;16582,0;informado;8,0;0,334;Mandioca;7910,0;0,0;0,0;465,0;1700,0;0,0;30,0;1700,0;PA;False;35,9;4257,0
São Domingos do Capim;2016;12970,0;72543,0;informado;12,0;0,604;Mandioca;48000,0;0,0;0,0;720,0;640,0;0,0;1610,0;10000,0;PA;False;3,1;5593,0
São Félix do Xingu;2016;20006,0;166274,0;informado;10,0;0,42;Mandioca;62960,0;0,0;0,0;1810,0;12935,0;1,0;2600,0;2660,0;PA;False;61,5;8311,0
São Francisco do Pará;2016;5372,0;33979,0;informado;15,0;0,563;Mandioca;18000,0;0,0;0,0;642,0;270,0;0,0;460,0;4000,0;PA;False;4,7;6325,0
São Geraldo do Araguaia;2016;8430,0;44059,0;informado;8,0;0,418;Banana (cacho);21703,0;0,0;0,0;1640,0;5170,0;0,0;1020,0;600,0;PA;False;60,5;5226,0
São João da Ponta;2016;646,0;3652,0;informado;10,0;0,417;Mandioca;1200,0;0,0;0,0;101,0;27,0;0,0;118,0;400,0;PA;False;2,0;5653,0
São João de Pirabas;2016;515,0;4289,0;informado;12,0;0,476;Mandioca;3171,0;0,0;0,0;75,0;65,0;0,0;25,0;350,0;PA;False;2,9;8328,0
São João do Araguaia;2016;2412,0;14933,0;informado;11,0;0,246;Banana (cacho);3266,0;0,0;0,0;482,0;1480,0;0,0;0,0;450,0;PA;False;58,0;6191,0
São Miguel do Guamá;2016;7672,0;41788,0;informado;11,0;0,625;Mandioca;27000,0;0,0;0,0;562,0;800,0;0,0;310,0;6000,0;PA;False;0,0;5447,0
São Sebastião da Boa Vista;2016;2070,0;52076,0;informado;2,0;0,935;Açaí;52000,0;0,0;0,0;2000,0;0,0;0,0;0,0;70,0;PA;False;0,0;25157,0
Sapucaia;2016;505,0;3184,0;informado;3,0;0,851;Milho (em grão);2302,0;0,0;0,0;20,0;465,0;0,0;0,0;20,0;PA;False;92,1;6305,0
Senador José Porfírio;2016;4584,0;24500,0;informado;13,0;0,253;Cacau (em amêndoa);7820,0;4,0;0,0;570,0;1650,0;0,0;1835,0;525,0;PA;False;26,2;5345,0
Soure;2016;50,0;140,0;informado;1,0;1,0;Coco-da-baía;140,0;0,0;0,0;50,0;0,0;0,0;0,0;0,0;PA;False;0,0;2800,0
Tailândia;2016;36305,0;162457,0;informado;18,0;0,357;Dendê (cacho de coco);102025,0;0,0;0,0;543,0;14500,0;0,0;19902,0;1360,0;PA;False;37,2;4475,0
Terra Alta;2016;1362,0;9268,0;informado;14,0;0,385;Mandioca;3840,0;0,0;0,0;210,0;80,0;0,0;272,0;800,0;PA;False;2,9;6805,0
Terra Santa;2016;99,0;678,0;informado;9,0;0,397;Mandioca;301,0;3,0;0,0;26,0;10,0;0,0;0,0;60,0;PA;False;10,1;6848,0
Tomé-Açu;2016;23855,0;187840,0;informado;14,0;0,268;Pimenta-do-reino;86000,0;0,0;0,0;2975,0;680,0;0,0;16000,0;4200,0;PA;False;2,1;7874,0
Tracuateua;2016;5451,0;29967,0;informado;19,0;0,318;Mandioca;17569,0;0,0;12,0;719,0;2455,0;0,0;60,0;2205,0;PA;False;2,8;5498,0
Trairão;2016;12037,0;94136,0;informado;18,0;0,174;Mandioca;39000,0;10,0;0,0;1848,0;5450,0;2,0;1467,0;3260,0;PA;False;18,3;7821,0
Tucumã;2016;5192,0;42617,0;informado;8,0;0,602;Cacau (em amêndoa);36727,0;0,0;0,0;150,0;1022,0;0,0;3900,0;120,0;PA;False;19,3;8208,0
Tucuruí;2016;18070,0;142155,0;informado;11,0;0,21;Açaí;59741,0;0,0;0,0;6525,0;7700,0;0,0;1605,0;2240,0;PA;False;6,6;7867,0
Ulianópolis;2016;75380,0;314805,0;informado;13,0;0,423;Soja (em grão);189750,0;12500,0;0,0;150,0;62100,0;0,0;230,0;400,0;PA;False;70,8;4176,0
Uruará;2016;17837,0;120258,0;informado;17,0;0,548;Cacau (em amêndoa);79011,0;0,0;0,0;1621,0;2250,0;60,0;13081,0;825,0;PA;False;10,1;6742,0
Vigia;2016;1067,0;9328,0;informado;10,0;0,201;Pimenta-do-reino;2222,0;0,0;0,0;475,0;0,0;0,0;192,0;400,0;PA;False;0,0;8742,0
Viseu;2016;15065,0;126939,0;informado;14,0;0,493;Mandioca;81398,0;0,0;220,0;1555,0;2760,0;0,0;200,0;10330,0;PA;False;11,9;8426,0
Vitória do Xingu;2016;5495,0;38103,0;informado;15,0;0,591;Cacau (em amêndoa);27280,0;3,0;0,0;393,0;395,0;0,0;4184,0;520,0;PA;False;5,5;6934,0
Xinguara;2016;2489,0;11570,0;informado;10,0;0,554;Milho (em grão);5504,0;5,0;0,0;269,0;1830,0;0,0;175,0;210,0;PA;False;73,0;4648,0
Abaetetuba;2017;25200,0;283728,0;informado;17,0;0,616;Açaí;259896,0;250,0;0,0;20125,0;130,0;0,0;2645,0;2050,0;PA;False;0,2;11259,0
Abel Figueiredo;2017;1184,0;4168,0;informado;7,0;0,365;Mandioca;2970,0;0,0;0,0;14,0;570,0;0,0;0,0;600,0;PA;False;34,2;3520,0
Acará;2017;41637,0;342851,0;informado;13,0;0,324;Mandioca;160200,0;0,0;0,0;7197,0;150,0;0,0;15990,0;18300,0;PA;False;0,1;8234,0
Afuá;2017;140,0;958,0;informado;2,0;0,592;Banana (cacho);534,0;0,0;0,0;40,0;0,0;0,0;0,0;100,0;PA;False;0,0;6843,0
Água Azul do Norte;2017;5083,0;22630,0;informado;9,0;0,691;Milho (em grão);15680,0;0,0;0,0;135,0;4593,0;0,0;30,0;325,0;PA;False;88,6;4452,0
Alenquer;2017;16651,0;102428,0;informado;17,0;0,401;Mandioca;59500,0;20,0;0,0;1951,0;4260,0;3,0;417,0;10000,0;PA;False;18,0;6151,0
Almeirim;2017;751,0;12004,0;informado;15,0;0,129;Açaí;5296,0;8,0;0,0;308,0;160,0;0,0;95,0;180,0;PA;False;13,3;15984,0
Altamira;2017;18544,0;113132,0;informado;23,0;0,231;Cacau (em amêndoa);37915,0;30,0;0,0;3400,0;4905,0;8,0;7401,0;2800,0;PA;False;18,9;6101,0
Anajás;2017;267,0;4036,0;informado;4,0;0,325;Açaí;1784,0;0,0;0,0;151,0;0,0;0,0;0,0;116,0;PA;False;0,0;15116,0
Ananindeua;2017;56,0;866,0;informado;3,0;0,557;Açaí;472,0;0,0;0,0;51,0;0,0;0,0;0,0;5,0;PA;False;0,0;15464,0
Anapu;2017;7609,0;52391,0;informado;18,0;0,497;Cacau (em amêndoa);37850,0;0,0;0,0;1042,0;1000,0;5,0;5322,0;240,0;PA;False;9,2;6885,0
Augusto Corrêa;2017;6385,0;24489,0;informado;15,0;0,541;Mandioca;18202,0;0,0;70,0;278,0;1468,0;0,0;65,0;4504,0;PA;False;2,3;3835,0
Aurora do Pará;2017;4440,0;45451,0;informado;12,0;0,478;Mandioca;22500,0;0,0;0,0;385,0;410,0;0,0;645,0;3000,0;PA;False;5,9;10237,0
Aveiro;2017;3985,0;33710,0;informado;18,0;0,279;Mandioca;16200,0;5,0;0,0;610,0;1205,0;0,0;365,0;1800,0;PA;False;23,8;8459,0
Bagre;2017;191,0;4417,0;informado;4,0;0,486;Açaí;3818,0;0,0;0,0;126,0;0,0;0,0;0,0;65,0;PA;False;0,0;23126,0
Baião;2017;2460,0;56948,0;informado;9,0;0,335;Pimenta-do-reino;48300,0;0,0;0,0;310,0;200,0;0,0;1650,0;300,0;PA;False;6,1;23150,0
Bannach;2017;227,0;1028,0;informado;7,0;0,376;Mandioca;437,0;0,0;0,0;26,0;153,0;0,0;8,0;40,0;PA;False;57,3;4529,0
Barcarena;2017;14996,0;208647,0;informado;16,0;0,557;Açaí;189420,0;5,0;0,0;11561,0;660,0;0,0;1520,0;1250,0;PA;False;4,0;13914,0
Belém;2017;1311,0;7616,0;informado;2,0;0,774;Açaí;7080,0;0,0;0,0;1141,0;0,0;0,0;0,0;170,0;PA;False;0,0;5809,0
Belterra;2017;28350,0;72043,0;informado;16,0;0,367;Soja (em grão);39151,0;0,0;0,0;208,0;26952,0;5,0;85,0;1100,0;PA;False;83,5;2541,0
Benevides;2017;151,0;2324,0;informado;2,0;0,987;Açaí;2300,0;0,0;0,0;151,0;0,0;0,0;0,0;0,0;PA;False;0,0;15391,0
Bom Jesus do Tocantins;2017;3409,0;11719,0;informado;12,0;0,416;Açaí;3063,0;0,0;0,0;304,0;2780,0;0,0;25,0;300,0;PA;False;61,6;3438,0
Bonito;2017;11290,0;56570,0;informado;9,0;0,79;Dendê (cacho de coco);51750,0;0,0;0,0;110,0;300,0;0,0;10080,0;800,0;PA;False;0,9;5011,0
Bragança;2017;6868,0;37861,0;informado;15,0;0,555;Mandioca;31699,0;4,0;105,0;306,0;1410,0;0,0;33,0;5010,0;PA;False;13,1;5513,0
Brasil Novo;2017;6839,0;48207,0;informado;17,0;0,681;Cacau (em amêndoa);38642,0;1,0;0,0;704,0;332,0;1,0;5611,0;190,0;PA;False;4,4;7049,0
Brejo Grande do Araguaia;2017;1365,0;22734,0;informado;7,0;0,434;Banana (cacho);21000,0;0,0;0,0;585,0;720,0;0,0;0,0;60,0;PA;False;51,3;16655,0
Breu Branco;2017;8267,0;43037,0;informado;15,0;0,157;Mandioca;10953,0;0,0;0,0;1607,0;3800,0;0,0;700,0;2160,0;PA;False;21,8;5206,0
Breves;2017;6433,0;40476,0;informado;4,0;0,854;Açaí;37349,0;0,0;0,0;6007,0;0,0;0,0;0,0;426,0;PA;False;0,0;6292,0
Bujaru;2017;8677,0;160423,0;informado;11,0;0,53;Açaí;136500,0;0,0;0,0;6647,0;290,0;0,0;740,0;1000,0;PA;False;1,4;18488,0
Cachoeira do Piriá;2017;3124,0;27138,0;informado;13,0;0,28;Mandioca;10226,0;0,0;200,0;729,0;600,0;0,0;80,0;1515,0;PA;False;9,6;8687,0
Cachoeira do Arari;2017;5460,0;14061,0;informado;5,0;0,693;Arroz (em casca);8685,0;0,0;0,0;760,0;4500,0;0,0;0,0;200,0;PA;False;0,0;2575,0
Cametá;2017;35264,0;515396,0;informado;14,0;0,401;Açaí;403200,0;0,0;0,0;20118,0;580,0;0,0;7566,0;7000,0;PA;False;0,4;14615,0
Canaã dos Carajás;2017;5676,0;32872,0;informado;8,0;0,66;Banana (cacho);15750,0;0,0;0,0;776,0;4620,0;0,0;0,0;280,0;PA;False;80,2;5791,0
Capanema;2017;4476,0;19515,0;informado;11,0;0,393;Feijão (em grão);8700,0;0,0;0,0;264,0;2782,0;0,0;180,0;1250,0;PA;False;6,7;4360,0
Capitão Poço;2017;22370,0;222838,0;informado;14,0;0,396;Laranja;138000,0;0,0;50,0;15950,0;2515,0;0,0;755,0;3100,0;PA;False;4,5;9961,0
Castanhal;2017;7462,0;52799,0;informado;12,0;0,326;Mandioca;25600,0;0,0;0,0;1200,0;770,0;0,0;1492,0;4000,0;PA;False;5,0;7076,0
Chaves;2017;70,0;262,0;informado;1,0;1,0;Mandioca;262,0;0,0;0,0;0,0;0,0;0,0;0,0;70,0;PA;False;0,0;3743,0
Colares;2017;415,0;1229,0;informado;7,0;0,84;Mandioca;1125,0;0,0;0,0;20,0;15,0;0,0;0,0;380,0;PA;False;2,4;2961,0
Conceição do Araguaia;2017;4320,0;23683,0;informado;9,0;0,25;Abacaxi;12005,0;0,0;0,0;1640,0;2280,0;0,0;0,0;400,0;PA;False;48,8;5482,0
Concórdia do Pará;2017;27852,0;128727,0;informado;13,0;0,617;Dendê (cacho de coco);60694,0;0,0;0,0;2417,0;115,0;0,0;22720,0;2600,0;PA;False;0,2;4622,0
Cumaru do Norte;2017;40495,0;85105,0;informado;11,0;0,523;Milho (em grão);44520,0;0,0;0,0;287,0;39603,0;0,0;55,0;550,0;PA;False;96,9;2102,0
Curionópolis;2017;3300,0;16094,0;informado;6,0;0,641;Milho (em grão);7020,0;0,0;0,0;280,0;2600,0;0,0;0,0;420,0;PA;False;78,8;4877,0
Curralinho;2017;1149,0;13707,0;informado;14,0;0,302;Açaí;6710,0;3,0;0,0;387,0;5,0;0,0;354,0;400,0;PA;False;0,4;11930,0
Curuá;2017;658,0;8065,0;informado;9,0;0,396;Açaí;6224,0;0,0;0,0;485,0;123,0;0,0;0,0;50,0;PA;False;15,2;12257,0
Curuçá;2017;1524,0;12116,0;informado;11,0;0,314;Mandioca;5120,0;0,0;0,0;291,0;160,0;0,0;273,0;800,0;PA;False;5,2;7950,0
Dom Eliseu;2017;107476,0;317525,0;informado;17,0;0,63;Soja (em grão);260707,0;0,0;0,0;306,0;106700,0;0,0;350,0;120,0;PA;False;90,4;2954,0
Eldorado do Carajás;2017;3130,0;26395,0;informado;13,0;0,341;Banana (cacho);16250,0;0,0;0,0;590,0;1720,0;0,0;120,0;700,0;PA;False;51,1;8433,0
Faro;2017;767,0;2281,0;informado;9,0;0,834;Mandioca;1792,0;7,0;0,0;54,0;6,0;0,0;0,0;700,0;PA;False;0,8;2974,0
Floresta do Araguaia;2017;20267,0;174084,0;informado;9,0;0,263;Abacaxi;134887,0;0,0;0,0;7744,0;11653,0;0,0;0,0;870,0;PA;False;47,2;8590,0
Garrafão do Norte;2017;8181,0;67877,0;informado;13,0;0,229;Pimenta-do-reino;36100,0;0,0;20,0;886,0;1725,0;0,0;2550,0;3000,0;PA;False;11,0;8297,0
Goianésia do Pará;2017;4905,0;11318,0;informado;12,0;0,256;Mandioca;6729,0;0,0;0,0;115,0;3550,0;0,0;30,0;1210,0;PA;False;33,6;2307,0
Gurupá;2017;1046,0;10744,0;informado;11,0;0,247;Açaí;4560,0;0,0;0,0;453,0;168,0;0,0;105,0;320,0;PA;False;2,9;10272,0
Igarapé-Açu;2017;7156,0;46492,0;informado;10,0;0,395;Pimenta-do-reino;24000,0;0,0;0,0;231,0;500,0;0,0;5225,0;1200,0;PA;False;2,8;6497,0
Igarapé-Miri;2017;42847,0;620456,0;informado;14,0;0,874;Açaí;610400,0;10,0;0,0;40200,0;72,0;0,0;535,0;2030,0;PA;False;0,1;14481,0
Inhangapi;2017;3678,0;24379,0;informado;8,0;0,409;Açaí;12000,0;0,0;0,0;2123,0;0,0;0,0;55,0;1500,0;PA;False;0,0;6628,0
Ipixuna do Pará;2017;8585,0;46445,0;informado;9,0;0,319;Mandioca;22275,0;0,0;0,0;55,0;2400,0;0,0;1630,0;4500,0;PA;False;18,5;5410,0
Irituia;2017;3851,0;17449,0;informado;12,0;0,227;Dendê (cacho de coco);6265,0;0,0;60,0;867,0;695,0;0,0;1629,0;600,0;PA;False;11,7;4531,0
Itaituba;2017;6988,0;69140,0;informado;22,0;0,19;Mandioca;25002,0;20,0;0,0;2551,0;2235,0;5,0;362,0;1815,0;PA;False;14,3;9894,0
Itupiranga;2017;7837,0;59820,0;informado;10,0;0,358;Mandioca;37262,0;0,0;0,0;1067,0;3270,0;0,0;100,0;3400,0;PA;False;40,2;7633,0
Jacareacanga;2017;2735,0;28265,0;informado;12,0;0,414;Mandioca;16149,0;8,0;0,0;310,0;747,0;0,0;20,0;1650,0;PA;False;2,6;10335,0
Jacundá;2017;3141,0;11364,0;informado;9,0;0,296;Mandioca;7319,0;0,0;0,0;119,0;2000,0;0,0;12,0;1010,0;PA;False;36,6;3618,0
Juruti;2017;12427,0;48876,0;informado;13,0;0,933;Mandioca;44000,0;12,0;30,0;335,0;50,0;0,0;0,0;12000,0;PA;False;0,2;3933,0
Limoeiro do Ajuru;2017;6896,0;161249,0;informado;10,0;0,93;Açaí;159600,0;0,0;0,0;6683,0;50,0;0,0;73,0;90,0;PA;False;0,2;23383,0
Mãe do Rio;2017;1983,0;12586,0;informado;7,0;0,269;Pimenta-do-reino;6300,0;0,0;0,0;90,0;1050,0;0,0;180,0;663,0;PA;False;32,8;6347,0
Magalhães Barata;2017;1156,0;4363,0;informado;7,0;0,753;Mandioca;3840,0;0,0;0,0;55,0;91,0;0,0;10,0;1000,0;PA;False;4,3;3774,0
Marabá;2017;14114,0;98570,0;informado;14,0;0,386;Mandioca;62820,0;0,0;0,0;1114,0;7800,0;0,0;0,0;5200,0;PA;False;53,1;6984,0
Maracanã;2017;1777,0;5768,0;informado;12,0;0,368;Mandioca;3200,0;0,0;0,0;98,0;542,0;0,0;137,0;1000,0;PA;False;19,7;3246,0
Marapanim;2017;1913,0;8442,0;informado;10,0;0,793;Mandioca;7680,0;0,0;0,0;68,0;135,0;0,0;10,0;1700,0;PA;False;2,6;4413,0
Marituba;2017;18,0;257,0;informado;1,0;1,0;Açaí;257,0;0,0;0,0;18,0;0,0;0,0;0,0;0,0;PA;False;0,0;14278,0
Medicilândia;2017;42642,0;374289,0;informado;18,0;0,823;Cacau (em amêndoa);342647,0;0,0;0,0;2973,0;725,0;10,0;38634,0;300,0;PA;False;1,4;8777,0
Melgaço;2017;1690,0;9028,0;informado;5,0;0,599;Açaí;5050,0;0,0;0,0;1295,0;0,0;0,0;10,0;385,0;PA;False;0,0;5342,0
Mocajuba;2017;3915,0;63850,0;informado;9,0;0,244;Pimenta-do-reino;31280,0;0,0;0,0;640,0;100,0;0,0;1975,0;1200,0;PA;False;1,3;16309,0
Moju;2017;27768,0;201742,0;informado;18,0;0,218;Açaí;59800,0;0,0;0,0;12990,0;1050,0;0,0;7328,0;6400,0;PA;False;3,2;7265,0
Mojuí dos Campos;2017;36466,0;105593,0;informado;20,0;0,5;Soja (em grão);67856,0;5,0;0,0;601,0;34775,0;5,0;80,0;1000,0;PA;False;93,4;2896,0
Monte Alegre;2017;22414,0;81428,0;informado;21,0;0,415;Mandioca;31246,0;10,0;0,0;2063,0;14077,0;50,0;214,0;6000,0;PA;False;58,0;3633,0
Muaná;2017;1924,0;10433,0;informado;7,0;0,829;Açaí;9400,0;0,0;0,0;1800,0;44,0;0,0;30,0;50,0;PA;False;1,6;5423,0
Nova Esperança do Piriá;2017;4572,0;48515,0;informado;10,0;0,38;Pimenta-do-reino;21375,0;0,0;0,0;522,0;900,0;0,0;450,0;2700,0;PA;False;10,9;10611,0
Nova Ipixuna;2017;1052,0;6397,0;informado;10,0;0,388;Mandioca;3075,0;0,0;0,0;140,0;656,0;0,0;6,0;250,0;PA;False;57,0;6081,0
Nova Timboteua;2017;2355,0;21036,0;informado;8,0;0,345;Pimenta-do-reino;9280,0;0,0;0,0;205,0;350,0;0,0;500,0;1300,0;PA;False;10,6;8932,0
Novo Progresso;2017;40467,0;107761,0;informado;19,0;0,355;Soja (em grão);56100,0;5,0;0,0;299,0;39152,0;0,0;11,0;1000,0;PA;False;56,8;2663,0
Novo Repartimento;2017;24411,0;173773,0;informado;11,0;0,274;Banana (cacho);122525,0;0,0;0,0;6916,0;5400,0;0,0;10085,0;2010,0;PA;False;16,4;7119,0
Óbidos;2017;13997,0;59680,0;informado;14,0;0,747;Mandioca;53568,0;12,0;0,0;382,0;1600,0;0,0;3,0;12000,0;PA;False;10,7;4264,0
Oeiras do Pará;2017;9257,0;212550,0;informado;8,0;0,396;Açaí;156796,0;0,0;0,0;4347,0;370,0;0,0;540,0;4000,0;PA;False;1,3;22961,0
Oriximiná;2017;16389,0;69123,0;informado;13,0;0,953;Mandioca;67200,0;4,0;0,0;156,0;229,0;0,0;0,0;16000,0;PA;False;0,8;4218,0
Ourém;2017;1990,0;10587,0;informado;10,0;0,265;Pimenta-do-reino;3780,0;0,0;0,0;560,0;360,0;0,0;170,0;900,0;PA;False;12,6;5320,0
Ourilândia do Norte;2017;914,0;8992,0;informado;9,0;0,271;Cacau (em amêndoa);2957,0;0,0;0,0;217,0;152,0;0,0;420,0;125,0;PA;False;10,9;9838,0
Pacajá;2017;10466,0;65204,0;informado;18,0;0,252;Mandioca;26400,0;5,0;0,0;884,0;2903,0;0,0;4474,0;2200,0;PA;False;19,1;6230,0
Palestina do Pará;2017;905,0;10992,0;informado;4,0;0,344;Banana (cacho);9375,0;0,0;0,0;300,0;485,0;0,0;0,0;120,0;PA;False;45,9;12146,0
Paragominas;2017;139360,0;494087,0;informado;15,0;0,772;Soja (em grão);414240,0;0,0;0,0;255,0;133710,0;0,0;895,0;4500,0;PA;False;93,7;3545,0
Parauapebas;2017;9570,0;134764,0;informado;16,0;0,205;Mandioca;65620,0;0,0;0,0;2310,0;4550,0;70,0;120,0;2520,0;PA;False;38,1;14082,0
Pau D'Arco;2017;820,0;4515,0;informado;8,0;0,407;Soja (em grão);1674,0;0,0;0,0;98,0;622,0;0,0;0,0;100,0;PA;False;73,2;5506,0
Peixe-Boi;2017;1287,0;5008,0;informado;9,0;0,217;Pimenta-do-reino;1695,0;0,0;0,0;257,0;550,0;0,0;80,0;400,0;PA;False;23,3;3891,0
Piçarra;2017;4342,0;17620,0;informado;6,0;0,554;Milho (em grão);11700,0;0,0;0,0;85,0;3057,0;0,0;0,0;1200,0;PA;False;69,1;4058,0
Placas;2017;15817,0;90341,0;informado;15,0;0,415;Cacau (em amêndoa);54627,0;30,0;0,0;1981,0;2130,0;0,0;10476,0;1200,0;PA;False;10,4;5712,0
Ponta de Pedras;2017;3414,0;19717,0;informado;6,0;0,935;Açaí;19053,0;0,0;0,0;3341,0;43,0;0,0;0,0;30,0;PA;False;0,4;5775,0
Portel;2017;39187,0;908341,0;informado;6,0;0,589;Açaí;867200,0;0,0;0,0;28016,0;171,0;0,0;0,0;11000,0;PA;False;0,4;23180,0
Porto de Moz;2017;1206,0;10272,0;informado;16,0;0,186;Açaí;3060,0;15,0;0,0;451,0;310,0;0,0;30,0;400,0;PA;False;11,6;8517,0
Prainha;2017;4877,0;30830,0;informado;19,0;0,298;Mandioca;16200,0;15,0;0,0;654,0;2290,0;8,0;110,0;1800,0;PA;False;39,0;6322,0
Primavera;2017;818,0;1967,0;informado;6,0;0,329;Mandioca;800,0;0,0;0,0;70,0;323,0;0,0;25,0;400,0;PA;False;24,4;2405,0
Quatipuru;2017;279,0;728,0;informado;5,0;0,462;Mandioca;350,0;0,0;0,0;17,0;82,0;0,0;0,0;180,0;PA;False;14,3;2609,0
Redenção;2017;12850,0;48015,0;informado;10,0;0,284;Mandioca;17550,0;0,0;0,0;235,0;9615,0;0,0;0,0;3000,0;PA;False;66,2;3737,0
Rio Maria;2017;1632,0;9080,0;informado;10,0;0,208;Abacaxi;4219,0;0,0;0,0;378,0;1167,0;0,0;30,0;57,0;PA;False;53,9;5564,0
Rondon do Pará;2017;50086,0;169212,0;informado;9,0;0,919;Soja (em grão);160341,0;0,0;0,0;90,0;49370,0;26,0;0,0;600,0;PA;False;98,0;3378,0
Rurópolis;2017;11649,0;51219,0;informado;17,0;0,19;Banana (cacho);20073,0;35,0;0,0;4067,0;4295,0;0,0;2402,0;850,0;PA;False;22,3;4397,0
Salinópolis;2017;355,0;1026,0;informado;5,0;0,333;Mandioca;680,0;0,0;0,0;50,0;135,0;0,0;0,0;170,0;PA;False;28,2;2890,0
Salvaterra;2017;1240,0;13197,0;informado;5,0;0,433;Abacaxi;11000,0;0,0;0,0;600,0;600,0;0,0;0,0;40,0;PA;False;0,0;10643,0
Santa Bárbara do Pará;2017;560,0;3417,0;informado;6,0;0,277;Açaí;1568,0;0,0;0,0;240,0;120,0;0,0;0,0;200,0;PA;False;5,4;6102,0
Santa Izabel do Pará;2017;1903,0;27176,0;informado;9,0;0,363;Açaí;21813,0;0,0;0,0;1115,0;0,0;0,0;788,0;0,0;PA;False;0,0;14281,0
Santa Luzia do Pará;2017;2275,0;17925,0;informado;10,0;0,344;Mandioca;6300,0;0,0;20,0;235,0;520,0;0,0;250,0;1250,0;PA;False;13,2;7879,0
Santa Maria das Barreiras;2017;42276,0;120158,0;informado;10,0;0,429;Soja (em grão);76848,0;0,0;0,0;285,0;41201,0;0,0;0,0;790,0;PA;False;89,2;2842,0
Santa Maria do Pará;2017;9270,0;50303,0;informado;8,0;0,751;Mandioca;44800,0;0,0;0,0;130,0;665,0;0,0;475,0;8000,0;PA;False;7,0;5426,0
Santana do Araguaia;2017;100859,0;242084,0;informado;11,0;0,52;Soja (em grão);175035,0;35,0;0,0;111,0;99283,0;0,0;330,0;1100,0;PA;False;95,0;2400,0
Santarém;2017;56692,0;206004,0;informado;21,0;0,319;Mandioca;103408,0;15,0;0,0;583,0;34075,0;15,0;234,0;21770,0;PA;False;58,2;3634,0
Santarém Novo;2017;743,0;2282,0;informado;7,0;0,353;Pimenta-do-reino;960,0;0,0;0,0;58,0;260,0;0,0;25,0;400,0;PA;False;13,5;3071,0
Santo Antônio do Tauá;2017;4910,0;30693,0;informado;10,0;0,382;Dendê (cacho de coco);10962,0;0,0;0,0;1360,0;100,0;0,0;3150,0;300,0;PA;False;1,2;6251,0
São Caetano de Odivelas;2017;988,0;5200,0;informado;10,0;0,519;Mandioca;2772,0;0,0;0,0;177,0;85,0;0,0;26,0;700,0;PA;False;2,0;5263,0
São Domingos do Araguaia;2017;4965,0;23714,0;informado;8,0;0,356;Mandioca;14420,0;0,0;0,0;515,0;2120,0;0,0;30,0;2300,0;PA;False;36,3;4776,0
São Domingos do Capim;2017;10583,0;52644,0;informado;10,0;0,477;Mandioca;34560,0;0,0;0,0;595,0;500,0;0,0;2488,0;7000,0;PA;False;2,8;4974,0
São Félix do Xingu;2017;9622,0;94788,0;informado;9,0;0,257;Mandioca;28650,0;0,0;0,0;1724,0;3808,0;0,0;2600,0;1490,0;PA;False;36,3;9851,0
São Francisco do Pará;2017;5480,0;28930,0;informado;11,0;0,544;Mandioca;19800,0;0,0;0,0;365,0;600,0;0,0;515,0;4000,0;PA;False;5,5;5279,0
São Geraldo do Araguaia;2017;9430,0;61495,0;informado;8,0;0,411;Banana (cacho);38760,0;0,0;0,0;2040,0;5670,0;0,0;1020,0;700,0;PA;False;59,4;6521,0
São João da Ponta;2017;574,0;2540,0;informado;8,0;0,519;Mandioca;1280,0;0,0;0,0;25,0;36,0;0,0;113,0;400,0;PA;False;2,6;4425,0
São João de Pirabas;2017;470,0;1031,0;informado;5,0;0,579;Mandioca;919,0;0,0;0,0;10,0;110,0;0,0;0,0;350,0;PA;False;8,5;2194,0
São João do Araguaia;2017;1872,0;14082,0;informado;11,0;0,2;Mandioca;4560,0;0,0;0,0;472,0;850,0;0,0;0,0;550,0;PA;False;42,7;7522,0
São Miguel do Guamá;2017;7598,0;35707,0;informado;10,0;0,462;Mandioca;24000,0;0,0;0,0;498,0;1600,0;0,0;500,0;5000,0;PA;False;7,9;4700,0
São Sebastião da Boa Vista;2017;5070,0;24013,0;informado;2,0;0,973;Açaí;23308,0;0,0;0,0;5000,0;0,0;0,0;0,0;70,0;PA;False;0,0;4736,0
Sapucaia;2017;534,0;2423,0;informado;3,0;0,913;Milho (em grão);1853,0;0,0;0,0;10,0;510,0;0,0;0,0;14,0;PA;False;95,5;4537,0
Senador José Porfírio;2017;4109,0;23213,0;informado;13,0;0,279;Cacau (em amêndoa);9943,0;4,0;0,0;570,0;1350,0;0,0;1835,0;350,0;PA;False;24,3;5649,0
Soure;2017;125,0;115,0;informado;1,0;1,0;Coco-da-baía;115,0;0,0;0,0;125,0;0,0;0,0;0,0;0,0;PA;False;0,0;920,0
Tailândia;2017;33815,0;137882,0;informado;19,0;0,385;Dendê (cacho de coco);102228,0;0,0;0,0;553,0;12000,0;0,0;19902,0;1360,0;PA;False;32,5;4078,0
Terra Alta;2017;1134,0;6141,0;informado;11,0;0,515;Mandioca;3200,0;0,0;0,0;101,0;90,0;0,0;143,0;800,0;PA;False;5,3;5415,0
Terra Santa;2017;98,0;464,0;informado;7,0;0,528;Mandioca;295,0;4,0;0,0;14,0;10,0;0,0;0,0;70,0;PA;False;10,2;4735,0
Tomé-Açu;2017;22005,0;151616,0;informado;14,0;0,292;Pimenta-do-reino;47500,0;0,0;0,0;3625,0;810,0;0,0;16070,0;1500,0;PA;False;2,7;6890,0
Tracuateua;2017;7167,0;29356,0;informado;19,0;0,358;Mandioca;19768,0;0,0;12,0;650,0;3425,0;0,0;65,0;3015,0;PA;False;4,5;4096,0
Trairão;2017;11525,0;77839,0;informado;18,0;0,175;Mandioca;39000,0;8,0;0,0;1791,0;5000,0;1,0;1465,0;3260,0;PA;False;19,1;6754,0
Tucumã;2017;5892,0;38155,0;informado;8,0;0,576;Cacau (em amêndoa);27226,0;0,0;0,0;250,0;1222,0;0,0;4300,0;120,0;PA;False;20,4;6476,0
Tucuruí;2017;18070,0;144434,0;informado;11,0;0,21;Açaí;71576,0;0,0;0,0;6525,0;7700,0;0,0;1605,0;2240,0;PA;False;6,6;7993,0
Ulianópolis;2017;75954,0;275450,0;informado;13,0;0,451;Soja (em grão);171108,0;12000,0;0,0;150,0;63169,0;0,0;235,0;400,0;PA;False;73,8;3627,0
Uruará;2017;17525,0;120114,0;informado;17,0;0,565;Cacau (em amêndoa);88308,0;0,0;0,0;1219,0;2350,0;50,0;13081,0;825,0;PA;False;10,8;6854,0
Vigia;2017;1045,0;6282,0;informado;8,0;0,303;Mandioca;1980,0;0,0;0,0;260,0;0,0;0,0;285,0;500,0;PA;False;0,0;6011,0
Viseu;2017;14015,0;84706,0;informado;14,0;0,557;Mandioca;55870,0;0,0;220,0;1405,0;1860,0;0,0;200,0;10330,0;PA;False;6,4;6044,0
Vitória do Xingu;2017;5498,0;34199,0;informado;15,0;0,59;Cacau (em amêndoa);23026,0;6,0;0,0;493,0;395,0;0,0;4184,0;420,0;PA;False;5,5;6220,0
Xinguara;2017;2650,0;10493,0;informado;9,0;0,642;Milho (em grão);5258,0;5,0;0,0;226,0;2107,0;0,0;90,0;222,0;PA;False;79,2;3960,0
Abaetetuba;2018;24480,0;294254,0;informado;18,0;0,648;Açaí;264264,0;100,0;0,0;19975,0;220,0;0,0;2135,0;2050,0;PA;False;0,4;12020,0
Abel Figueiredo;2018;1213,0;3385,0;informado;7,0;0,363;Mandioca;1914,0;0,0;0,0;12,0;601,0;0,0;0,0;600,0;PA;False;36,7;2791,0
Acará;2018;44171,0;349332,0;informado;13,0;0,314;Mandioca;168214,0;0,0;0,0;8786,0;150,0;0,0;16020,0;19215,0;PA;False;0,1;7909,0
Afuá;2018;140,0;1099,0;informado;2,0;0,592;Banana (cacho);747,0;0,0;0,0;40,0;0,0;0,0;0,0;100,0;PA;False;0,0;7850,0
Água Azul do Norte;2018;5274,0;22211,0;informado;9,0;0,647;Milho (em grão);14112,0;0,0;0,0;130,0;4789,0;0,0;30,0;325,0;PA;False;89,1;4211,0
Alenquer;2018;14259,0;82270,0;informado;17,0;0,346;Mandioca;39848,0;20,0;0,0;2159,0;3960,0;3,0;417,0;7700,0;PA;False;21,0;5770,0
Almeirim;2018;744,0;7680,0;informado;16,0;0,129;Açaí;2458,0;8,0;0,0;316,0;150,0;0,0;90,0;180,0;PA;False;13,4;10323,0
Altamira;2018;18544,0;120584,0;informado;23,0;0,231;Cacau (em amêndoa);52660,0;30,0;0,0;3400,0;4905,0;8,0;7401,0;2800,0;PA;False;18,9;6503,0
Anajás;2018;2664,0;49131,0;informado;4,0;0,728;Açaí;43875,0;0,0;0,0;2354,0;0,0;0,0;0,0;310,0;PA;False;0,0;18443,0
Ananindeua;2018;38,0;320,0;informado;2,0;0,589;Banana (cacho);162,0;0,0;0,0;38,0;0,0;0,0;0,0;0,0;PA;False;0,0;8421,0
Anapu;2018;7609,0;66096,0;informado;18,0;0,497;Cacau (em amêndoa);52570,0;0,0;0,0;1042,0;1000,0;5,0;5322,0;240,0;PA;False;9,2;8687,0
Augusto Corrêa;2018;3340,0;9452,0;informado;15,0;0,427;Mandioca;6280,0;2,0;5,0;169,0;1110,0;0,0;50,0;2004,0;PA;False;9,0;2830,0
Aurora do Pará;2018;4567,0;40489,0;informado;12,0;0,456;Pimenta-do-reino;16200,0;0,0;0,0;399,0;428,0;0,0;740,0;3000,0;PA;False;6,3;8866,0
Aveiro;2018;2970,0;11368,0;informado;19,0;0,294;Mandioca;6000,0;12,0;0,0;432,0;622,0;0,0;404,0;1500,0;PA;False;13,5;3828,0
Bagre;2018;2328,0;47528,0;informado;4,0;0,539;Açaí;37500,0;0,0;0,0;1508,0;0,0;0,0;0,0;820,0;PA;False;0,0;20416,0
Baião;2018;2390,0;16907,0;informado;9,0;0,327;Pimenta-do-reino;12000,0;0,0;0,0;310,0;200,0;0,0;1580,0;300,0;PA;False;6,3;7074,0
Bannach;2018;169,0;907,0;informado;7,0;0,307;Mandioca;454,0;0,0;0,0;20,0;106,0;0,0;8,0;35,0;PA;False;49,1;5367,0
Barcarena;2018;11612,0;161041,0;informado;16,0;0,505;Açaí;140000,0;5,0;0,0;8477,0;360,0;0,0;1220,0;1550,0;PA;False;2,6;13868,0
Belém;2018;150,0;1375,0;informado;1,0;1,0;Açaí;1375,0;0,0;0,0;150,0;0,0;0,0;0,0;0,0;PA;False;0,0;9167,0
Belterra;2018;23322,0;66898,0;informado;17,0;0,459;Soja (em grão);41553,0;0,0;0,0;223,0;21931,0;2,0;66,0;1100,0;PA;False;91,5;2868,0
Benevides;2018;150,0;2520,0;informado;1,0;1,0;Açaí;2520,0;0,0;0,0;150,0;0,0;0,0;0,0;0,0;PA;False;0,0;16800,0
Bom Jesus do Tocantins;2018;3217,0;10064,0;informado;12,0;0,422;Açaí;3063,0;0,0;0,0;272,0;2620,0;0,0;25,0;300,0;PA;False;62,2;3128,0
Bonito;2018;9580,0;65031,0;informado;9,0;0,829;Dendê (cacho de coco);60030,0;0,0;5,0;125,0;70,0;0,0;8730,0;650,0;PA;False;0,7;6788,0
Bragança;2018;6746,0;24578,0;informado;12,0;0,575;Mandioca;20039,0;3,0;0,0;263,0;1430,0;0,0;40,0;5010,0;PA;False;13,3;3643,0
Brasil Novo;2018;7954,0;66278,0;informado;17,0;0,663;Cacau (em amêndoa);55963,0;1,0;0,0;704,0;682,0;3,0;6424,0;140,0;PA;False;8,2;8333,0
Brejo Grande do Araguaia;2018;1365,0;11120,0;informado;7,0;0,434;Banana (cacho);10080,0;0,0;0,0;585,0;720,0;0,0;0,0;60,0;PA;False;51,3;8147,0
Breu Branco;2018;1792,0;23382,0;informado;10,0;0,18;Banana (cacho);8332,0;0,0;0,0;622,0;100,0;0,0;650,0;420,0;PA;False;5,6;13048,0
Breves;2018;6532,0;155868,0;informado;5,0;0,849;Açaí;150000,0;0,0;0,0;6072,0;0,0;0,0;0,0;460,0;PA;False;0,0;23862,0
Bujaru;2018;8775,0;130185,0;informado;11,0;0,52;Açaí;109120,0;0,0;0,0;6647,0;288,0;0,0;840,0;1000,0;PA;False;1,4;14836,0
Cachoeira do Piriá;2018;3144,0;15920,0;informado;13,0;0,235;Mandioca;7935,0;0,0;100,0;539,0;1200,0;0,0;90,0;1215,0;PA;False;22,3;5064,0
Cachoeira do Arari;2018;6560,0;22570,0;informado;5,0;0,739;Arroz (em casca);12738,0;0,0;0,0;760,0;5600,0;0,0;0,0;200,0;PA;False;0,0;3441,0
Cametá;2018;35540,0;243118,0;informado;14,0;0,421;Açaí;158760,0;0,0;0,0;21118,0;570,0;0,0;6852,0;7000,0;PA;False;0,4;6841,0
Canaã dos Carajás;2018;6203,0;27512,0;informado;9,0;0,712;Milho (em grão);10738,0;0,0;0,0;609,0;5314,0;0,0;0,0;280,0;PA;False;83,8;4435,0
Capanema;2018;3876,0;20403,0;informado;11,0;0,379;Mandioca;13500,0;0,0;5,0;239,0;2302,0;0,0;80,0;1250,0;PA;False;7,7;5264,0
Capitão Poço;2018;20555,0;137584,0;informado;14,0;0,303;Laranja;78593,0;0,0;100,0;12965,0;3330,0;0,0;1060,0;3100,0;PA;False;7,3;6693,0
Castanhal;2018;7795,0;71711,0;informado;12,0;0,318;Mandioca;41500,0;0,0;0,0;1450,0;750,0;0,0;1495,0;4100,0;PA;False;4,5;9200,0
Chaves;2018;70,0;262,0;informado;1,0;1,0;Mandioca;262,0;0,0;0,0;0,0;0,0;0,0;0,0;70,0;PA;False;0,0;3743,0
Colares;2018;415,0;1676,0;informado;7,0;0,84;Mandioca;1520,0;0,0;0,0;20,0;15,0;0,0;0,0;380,0;PA;False;2,4;4039,0
Conceição do Araguaia;2018;5287,0;36508,0;informado;9,0;0,296;Abacaxi;25200,0;0,0;0,0;1565,0;3322,0;0,0;0,0;400,0;PA;False;59,4;6905,0
Concórdia do Pará;2018;25094,0;117457,0;informado;13,0;0,56;Dendê (cacho de coco);57200,0;0,0;0,0;2845,0;119,0;0,0;19530,0;2600,0;PA;False;0,2;4681,0
Cumaru do Norte;2018;22867,0;45728,0;informado;13,0;0,432;Soja (em grão);20504,0;0,0;0,0;353,0;22004,0;0,0;60,0;450,0;PA;False;92,8;2000,0
Curionópolis;2018;3300,0;9718,0;informado;6,0;0,641;Milho (em grão);3900,0;0,0;0,0;280,0;2600,0;0,0;0,0;420,0;PA;False;78,8;2945,0
Curralinho;2018;1061,0;14504,0;informado;14,0;0,308;Açaí;5777,0;3,0;0,0;342,0;3,0;0,0;303,0;410,0;PA;False;0,3;13670,0
Curuá;2018;718,0;6263,0;informado;9,0;0,402;Açaí;4851,0;0,0;0,0;525,0;133,0;0,0;0,0;60,0;PA;False;15,3;8723,0
Curuçá;2018;1513,0;15747,0;informado;13,0;0,317;Mandioca;8000,0;0,0;0,0;340,0;100,0;0,0;273,0;800,0;PA;False;5,3;10408,0
Dom Eliseu;2018;109354,0;353868,0;informado;17,0;0,662;Soja (em grão);290400,0;0,0;0,0;304,0;108100,0;0,0;350,0;600,0;PA;False;91,4;3236,0
Eldorado do Carajás;2018;3110,0;15470,0;informado;13,0;0,344;Banana (cacho);7500,0;0,0;0,0;570,0;1720,0;0,0;120,0;700,0;PA;False;51,4;4974,0
Faro;2018;302,0;1090,0;informado;9,0;0,691;Mandioca;654,0;5,0;0,0;44,0;3,0;0,0;0,0;250,0;PA;False;1,0;3609,0
Floresta do Araguaia;2018;19328,0;477624,0;informado;9,0;0,557;Abacaxi;451920,0;0,0;0,0;14245,0;4003,0;0,0;0,0;1080,0;PA;False;20,2;24712,0
Garrafão do Norte;2018;5655,0;33688,0;informado;11,0;0,195;Mandioca;10080,0;0,0;50,0;1005,0;1650,0;0,0;850,0;2100,0;PA;False;14,1;5957,0
Goianésia do Pará;2018;491,0;6223,0;informado;10,0;0,207;Pimenta-do-reino;2394,0;0,0;0,0;181,0;0,0;0,0;160,0;150,0;PA;False;0,0;12674,0
Gurupá;2018;1076,0;12209,0;informado;13,0;0,234;Açaí;7448,0;4,0;0,0;479,0;168,0;0,0;105,0;320,0;PA;False;2,8;11347,0
Igarapé-Açu;2018;9140,0;62951,0;informado;17,0;0,297;Mandioca;22500,0;25,0;0,0;1285,0;350,0;0,0;4980,0;2500,0;PA;False;2,2;6887,0
Igarapé-Miri;2018;47800,0;890660,0;informado;14,0;0,888;Açaí;880000,0;10,0;0,0;45200,0;72,0;0,0;488,0;2030,0;PA;False;0,1;18633,0
Inhangapi;2018;3983,0;29600,0;informado;13,0;0,354;Açaí;12757,0;0,0;0,0;2085,0;23,0;0,0;375,0;1500,0;PA;False;0,3;7432,0
Ipixuna do Pará;2018;8525,0;33457,0;informado;9,0;0,322;Mandioca;14350,0;0,0;0,0;35,0;2490,0;0,0;1500,0;4500,0;PA;False;18,8;3925,0
Irituia;2018;3851,0;21120,0;informado;12,0;0,227;Laranja;5616,0;0,0;60,0;867,0;695,0;0,0;1629,0;600,0;PA;False;11,7;5484,0
Itaituba;2018;5793,0;83668,0;informado;22,0;0,193;Banana (cacho);61740,0;11,0;0,0;2479,0;2075,0;5,0;208,0;1015,0;PA;False;17,3;14443,0
Itupiranga;2018;7667,0;33978,0;informado;10,0;0,358;Mandioca;16870,0;0,0;0,0;1067,0;3100,0;0,0;100,0;3400,0;PA;False;39,1;4432,0
Jacareacanga;2018;2593,0;19306,0;informado;11,0;0,428;Banana (cacho);9030,0;8,0;0,0;293,0;685,0;0,0;7,0;1600,0;PA;False;2,7;7445,0
Jacundá;2018;302,0;3883,0;informado;6,0;0,43;Mandioca;3343,0;0,0;0,0;32,0;100,0;0,0;0,0;170,0;PA;False;33,1;12858,0
Juruti;2018;12215,0;38758,0;informado;13,0;0,965;Mandioca;37200,0;7,0;20,0;152,0;36,0;0,0;0,0;12000,0;PA;False;0,2;3173,0
Limoeiro do Ajuru;2018;6896,0;81291,0;informado;10,0;0,93;Açaí;79800,0;0,0;0,0;6683,0;50,0;0,0;73,0;90,0;PA;False;0,2;11788,0
Mãe do Rio;2018;2050,0;10506,0;informado;7,0;0,268;Pimenta-do-reino;4800,0;0,0;0,0;85,0;1100,0;0,0;200,0;665,0;PA;False;33,2;5125,0
Magalhães Barata;2018;1156,0;6602,0;informado;7,0;0,753;Mandioca;6000,0;0,0;0,0;55,0;91,0;0,0;10,0;1000,0;PA;False;4,3;5711,0
Marabá;2018;14114,0;68437,0;informado;14,0;0,386;Mandioca;41100,0;0,0;0,0;1114,0;7800,0;0,0;0,0;5200,0;PA;False;53,1;4849,0
Maracanã;2018;2577,0;15409,0;informado;17,0;0,271;Mandioca;6250,0;0,0;0,0;413,0;392,0;0,0;522,0;1250,0;PA;False;7,8;5979,0
Marapanim;2018;2145,0;15206,0;informado;11,0;0,636;Mandioca;12000,0;0,0;0,0;285,0;150,0;0,0;10,0;1700,0;PA;False;2,3;7089,0
Marituba;2018;;;indisponivel;;;;;0,0;0,0;0,0;0,0;0,0;0,0;0,0;PA;False;;
Medicilândia;2018;42642,0;446390,0;informado;18,0;0,823;Cacau (em amêndoa);409380,0;0,0;0,0;2973,0;725,0;10,0;38634,0;300,0;PA;False;1,4;10468,0
Melgaço;2018;2410,0;14900,0;informado;5,0;0,71;Açaí;10000,0;0,0;0,0;2050,0;0,0;0,0;10,0;350,0;PA;False;0,0;6183,0
Mocajuba;2018;3109,0;20600,0;informado;9,0;0,244;Açaí;7692,0;0,0;0,0;615,0;100,0;0,0;1594,0;800,0;PA;False;1,6;6626,0
Moju;2018;27768,0;227689,0;informado;18,0;0,218;Açaí;61100,0;0,0;0,0;12990,0;1050,0;0,0;7328,0;6400,0;PA;False;3,2;8200,0
Mojuí dos Campos;2018;30743,0;84354,0;informado;19,0;0,51;Soja (em grão);61038,0;0,0;0,0;432,0;28821,0;5,0;85,0;1400,0;PA;False;92,5;2744,0
Monte Alegre;2018;18322,0;108401,0;informado;21,0;0,315;Limão;47520,0;15,0;0,0;2235,0;9810,0;50,0;212,0;6000,0;PA;False;43,7;5916,0
Muaná;2018;1884,0;14545,0;informado;5,0;0,864;Açaí;13530,0;0,0;0,0;1790,0;44,0;0,0;0,0;50,0;PA;False;1,6;7720,0
Nova Esperança do Piriá;2018;5920,0;39347,0;informado;10,0;0,373;Mandioca;15750,0;0,0;200,0;620,0;1150,0;0,0;450,0;3500,0;PA;False;8,4;6646,0
Nova Ipixuna;2018;1136,0;3666,0;informado;10,0;0,393;Mandioca;1243,0;0,0;0,0;150,0;730,0;0,0;6,0;250,0;PA;False;58,1;3227,0
Nova Timboteua;2018;2850,0;13922,0;informado;8,0;0,323;Mandioca;6750,0;0,0;0,0;250,0;700,0;0,0;400,0;1500,0;PA;False;10,5;4885,0
Novo Progresso;2018;13449,0;40324,0;informado;19,0;0,409;Soja (em grão);25992,0;5,0;0,0;224,0;12209,0;0,0;11,0;1000,0;PA;False;72,9;2998,0
Novo Repartimento;2018;11727,0;106713,0;informado;10,0;0,586;Banana (cacho);49305,0;0,0;0,0;1941,0;530,0;0,0;8756,0;500,0;PA;False;2,6;9100,0
Óbidos;2018;21302,0;61073,0;informado;15,0;0,883;Mandioca;55200,0;12,0;0,0;387,0;898,0;0,0;5,0;20000,0;PA;False;3,8;2867,0
Oeiras do Pará;2018;7697,0;90754,0;informado;8,0;0,409;Açaí;57864,0;0,0;0,0;3227,0;370,0;0,0;300,0;3800,0;PA;False;1,6;11791,0
Oriximiná;2018;15423,0;53288,0;informado;13,0;0,946;Mandioca;50400,0;4,0;0,0;162,0;257,0;0,0;0,0;15000,0;PA;False;0,8;3455,0
Ourém;2018;1675,0;5834,0;informado;8,0;0,333;Mandioca;2700,0;0,0;10,0;295,0;300,0;0,0;170,0;900,0;PA;False;11,9;3483,0
Ourilândia do Norte;2018;1094,0;8224,0;informado;10,0;0,255;Cacau (em amêndoa);3348,0;0,0;0,0;197,0;352,0;0,0;420,0;125,0;PA;False;27,4;7517,0
Pacajá;2018;10466,0;68277,0;informado;18,0;0,252;Cacau (em amêndoa);32210,0;5,0;0,0;884,0;2903,0;0,0;4474,0;2200,0;PA;False;19,1;6524,0
Palestina do Pará;2018;905,0;5407,0;informado;4,0;0,344;Banana (cacho);4500,0;0,0;0,0;300,0;485,0;0,0;0,0;120,0;PA;False;45,9;5975,0
Paragominas;2018;172725,0;582271,0;informado;15,0;0,809;Soja (em grão);511500,0;0,0;0,0;250,0;167150,0;0,0;825,0;4500,0;PA;False;94,9;3371,0
Parauapebas;2018;8995,0;128317,0;informado;16,0;0,227;Mandioca;61830,0;0,0;0,0;2330,0;3960,0;70,0;115,0;2520,0;PA;False;34,0;14265,0
Pau D'Arco;2018;622,0;2291,0;informado;5,0;0,545;Mandioca;1920,0;0,0;0,0;22,0;170,0;0,0;0,0;430,0;PA;False;25,7;3683,0
Peixe-Boi;2018;1714,0;5255,0;informado;10,0;0,251;Mandioca;1625,0;0,0;6,0;378,0;650,0;0,0;30,0;650,0;PA;False;23,3;3066,0
Piçarra;2018;4651,0;31830,0;informado;7,0;0,509;Mandioca;18800,0;0,0;0,0;85,0;3142,0;0,0;274,0;1150,0;PA;False;66,7;6844,0
Placas;2018;15450,0;89796,0;informado;15,0;0,473;Cacau (em amêndoa);69074,0;30,0;0,0;1912,0;1935,0;0,0;10973,0;600,0;PA;False;10,7;5812,0
Ponta de Pedras;2018;3408,0;40513,0;informado;5,0;0,938;Açaí;40131,0;0,0;0,0;3335,0;43,0;0,0;0,0;30,0;PA;False;0,4;11888,0
Portel;2018;14076,0;184123,0;informado;6,0;0,746;Mandioca;154800,0;0,0;0,0;1961,0;115,0;0,0;0,0;12000,0;PA;False;0,8;13081,0
Porto de Moz;2018;1206,0;12362,0;informado;16,0;0,186;Açaí;5140,0;15,0;0,0;451,0;310,0;0,0;30,0;400,0;PA;False;11,6;10250,0
Prainha;2018;4868,0;22526,0;informado;19,0;0,299;Mandioca;9315,0;6,0;0,0;654,0;2290,0;8,0;110,0;1800,0;PA;False;39,0;4627,0
Primavera;2018;1296,0;3893,0;informado;6,0;0,435;Mandioca;2880,0;0,0;0,0;70,0;406,0;0,0;20,0;800,0;PA;False;19,3;3004,0
Quatipuru;2018;508,0;1736,0;informado;6,0;0,636;Mandioca;1440,0;0,0;5,0;13,0;90,0;0,0;0,0;400,0;PA;False;7,9;3417,0
Redenção;2018;10622,0;24122,0;informado;9,0;0,437;Soja (em grão);10318,0;0,0;0,0;202,0;9920,0;0,0;0,0;500,0;PA;False;93,1;2271,0
Rio Maria;2018;2478,0;26434,0;informado;10,0;0,313;Abacaxi;21600,0;0,0;0,0;1243,0;1150,0;0,0;20,0;65,0;PA;False;38,7;10667,0
Rondon do Pará;2018;51995,0;172770,0;informado;9,0;0,925;Soja (em grão);165000,0;0,0;0,0;80,0;51290,0;25,0;0,0;600,0;PA;False;98,1;3323,0
Rurópolis;2018;9323,0;35541,0;informado;17,0;0,153;Banana (cacho);11200,0;35,0;0,0;2367,0;4500,0;0,0;1571,0;850,0;PA;False;31,1;3812,0
Salinópolis;2018;1080,0;3783,0;informado;5,0;0,252;Coco-da-baía;1800,0;0,0;0,0;300,0;430,0;0,0;0,0;350,0;PA;False;18,5;3503,0
Salvaterra;2018;1740,0;17759,0;informado;5,0;0,501;Abacaxi;15000,0;0,0;0,0;600,0;1100,0;0,0;0,0;40,0;PA;False;0,0;10206,0
Santa Bárbara do Pará;2018;455,0;2272,0;informado;4,0;0,394;Açaí;1408,0;0,0;0,0;200,0;55,0;0,0;0,0;200,0;PA;False;6,6;4993,0
Santa Izabel do Pará;2018;5985,0;122676,0;informado;10,0;0,706;Açaí;116667,0;0,0;0,0;5165,0;0,0;0,0;750,0;70,0;PA;False;0,0;20497,0
Santa Luzia do Pará;2018;2160,0;16231,0;informado;9,0;0,224;Banana (cacho);9504,0;0,0;100,0;415,0;620,0;0,0;175,0;850,0;PA;False;18,5;7514,0
Santa Maria das Barreiras;2018;53681,0;118861,0;informado;10,0;0,488;Soja (em grão);67200,0;0,0;0,0;191,0;52700,0;0,0;0,0;790,0;PA;False;95,9;2214,0
Santa Maria do Pará;2018;9270,0;75561,0;informado;8,0;0,751;Mandioca;70000,0;0,0;0,0;130,0;665,0;0,0;475,0;8000,0;PA;False;7,0;8151,0
Santana do Araguaia;2018;101072,0;288966,0;informado;9,0;0,571;Soja (em grão);217998,0;0,0;0,0;74,0;99500,0;0,0;698,0;800,0;PA;False;96,5;2859,0
Santarém;2018;33304,0;99443,0;informado;21,0;0,404;Soja (em grão);60013,0;15,0;0,0;373,0;28650,0;12,0;254,0;4000,0;PA;False;82,3;2986,0
Santarém Novo;2018;950,0;3069,0;informado;7,0;0,438;Mandioca;1800,0;0,0;0,0;55,0;270,0;0,0;25,0;600,0;PA;False;10,5;3231,0
Santo Antônio do Tauá;2018;5110,0;37560,0;informado;11,0;0,354;Dendê (cacho de coco);9203,0;0,0;0,0;1560,0;100,0;0,0;3150,0;300,0;PA;False;1,2;7350,0
São Caetano de Odivelas;2018;988,0;6352,0;informado;10,0;0,519;Mandioca;4200,0;0,0;0,0;177,0;85,0;0,0;26,0;700,0;PA;False;2,0;6429,0
São Domingos do Araguaia;2018;4975,0;27922,0;informado;8,0;0,354;Mandioca;17500,0;0,0;0,0;515,0;2120,0;0,0;40,0;2300,0;PA;False;36,2;5612,0
São Domingos do Capim;2018;12105,0;47313,0;informado;14,0;0,387;Mandioca;23144,0;0,0;0,0;2435,0;535,0;0,0;2135,0;7000,0;PA;False;2,6;3909,0
São Félix do Xingu;2018;10840,0;76893,0;informado;10,0;0,253;Cacau (em amêndoa);21060,0;0,0;0,0;1717,0;5033,0;0,0;2600,0;1490,0;PA;False;43,7;7093,0
São Francisco do Pará;2018;5875,0;43298,0;informado;13,0;0,478;Mandioca;30000,0;50,0;0,0;465,0;600,0;0,0;760,0;4000,0;PA;False;5,1;7370,0
São Geraldo do Araguaia;2018;9735,0;37345,0;informado;8,0;0,439;Banana (cacho);18360,0;0,0;0,0;1845,0;6170,0;0,0;1020,0;700,0;PA;False;62,7;3836,0
São João da Ponta;2018;505,0;6648,0;informado;13,0;0,172;Abacaxi;3780,0;0,0;0,0;201,0;36,0;0,0;138,0;130,0;PA;False;3,0;13164,0
São João de Pirabas;2018;525,0;1422,0;informado;5,0;0,49;Mandioca;1092,0;0,0;0,0;30,0;145,0;0,0;0,0;350,0;PA;False;7,6;2709,0
São João do Araguaia;2018;1872,0;10152,0;informado;11,0;0,2;Banana (cacho);3750,0;0,0;0,0;472,0;850,0;0,0;0,0;550,0;PA;False;42,7;5423,0
São Miguel do Guamá;2018;6998,0;46622,0;informado;9,0;0,537;Mandioca;37500,0;0,0;0,0;498,0;1000,0;0,0;500,0;5000,0;PA;False;0,0;6662,0
São Sebastião da Boa Vista;2018;5070,0;61957,0;informado;2,0;0,973;Açaí;61600,0;0,0;0,0;5000,0;0,0;0,0;0,0;70,0;PA;False;0,0;12220,0
Sapucaia;2018;526,0;2828,0;informado;3,0;0,905;Milho (em grão);2148,0;0,0;0,0;10,0;500,0;0,0;0,0;16,0;PA;False;95,1;5376,0
Senador José Porfírio;2018;4109,0;26019,0;informado;13,0;0,279;Cacau (em amêndoa);13810,0;4,0;0,0;570,0;1350,0;0,0;1835,0;350,0;PA;False;24,3;6332,0
Soure;2018;125,0;196,0;informado;1,0;1,0;Coco-da-baía;196,0;0,0;0,0;125,0;0,0;0,0;0,0;0,0;PA;False;0,0;1568,0
Tailândia;2018;72624,0;257324,0;informado;14,0;0,482;Dendê (cacho de coco);154283,0;0,0;0,0;625,0;22835,0;0,0;48164,0;1000,0;PA;False;30,6;3543,0
Terra Alta;2018;464,0;3398,0;informado;12,0;0,334;Dendê (cacho de coco);906,0;0,0;0,0;90,0;10,0;0,0;294,0;70,0;PA;False;1,1;7323,0
Terra Santa;2018;93,0;383,0;informado;7,0;0,523;Mandioca;187,0;4,0;0,0;13,0;10,0;0,0;0,0;66,0;PA;False;10,8;4118,0
Tomé-Açu;2018;48824,0;232620,0;informado;15,0;0,552;Dendê (cacho de coco);139542,0;0,0;0,0;3954,0;1420,0;0,0;41450,0;2000,0;PA;False;1,5;4764,0
Tracuateua;2018;4359,0;14952,0;informado;15,0;0,411;Mandioca;10334,0;0,0;20,0;249,0;1550,0;0,0;30,0;2510,0;PA;False;6,9;3430,0
Trairão;2018;12037,0;48138,0;informado;18,0;0,174;Mandioca;22750,0;10,0;0,0;1848,0;5450,0;2,0;1467,0;3260,0;PA;False;18,3;3999,0
Tucumã;2018;5562,0;37545,0;informado;9,0;0,604;Cacau (em amêndoa);30872,0;0,0;0,0;150,0;1082,0;0,0;4200,0;130,0;PA;False;18,8;6750,0
Tucuruí;2018;1953,0;18241,0;informado;7,0;0,432;Mandioca;14000,0;0,0;0,0;85,0;830,0;0,0;38,0;1000,0;PA;False;41,0;9340,0
Ulianópolis;2018;88940,0;316949,0;informado;14,0;0,491;Soja (em grão);198000,0;13000,0;0,0;150,0;75170,0;0,0;220,0;400,0;PA;False;76,8;3564,0
Uruará;2018;17525,0;150328,0;informado;17,0;0,565;Cacau (em amêndoa);122650,0;0,0;0,0;1219,0;2350,0;50,0;13081,0;825,0;PA;False;10,8;8578,0
Vigia;2018;1045,0;7435,0;informado;8,0;0,303;Mandioca;3000,0;0,0;0,0;260,0;0,0;0,0;285,0;500,0;PA;False;0,0;7115,0
Viseu;2018;7815,0;37071,0;informado;14,0;0,317;Açaí;14915,0;0,0;120,0;1465,0;2100,0;0,0;100,0;4030,0;PA;False;13,4;4744,0
Vitória do Xingu;2018;5498,0;41365,0;informado;15,0;0,59;Cacau (em amêndoa);31980,0;6,0;0,0;493,0;395,0;0,0;4184,0;420,0;PA;False;5,5;7524,0
Xinguara;2018;2667,0;9227,0;informado;9,0;0,584;Mandioca;3978,0;5,0;0,0;253,0;2012,0;0,0;175,0;222,0;PA;False;75,2;3460,0
Abaetetuba;2019;25940,0;294090,0;informado;18,0;0,613;Açaí;269104,0;100,0;0,0;20485,0;220,0;0,0;2635,0;2500,0;PA;False;0,3;11337,0
Abel Figueiredo;2019;4568,0;16226,0;informado;10,0;0,774;Soja (em grão);14155,0;0,0;0,0;53,0;4140,0;0,0;10,0;365,0;PA;False;90,2;3552,0
Acará;2019;41569,0;236966,0;informado;13,0;0,324;Mandioca;90797,0;0,0;0,0;7099,0;150,0;0,0;16020,0;18300,0;PA;False;0,1;5701,0
Afuá;2019;152,0;1060,0;informado;2,0;0,6;Banana (cacho);540,0;0,0;0,0;42,0;0,0;0,0;0,0;110,0;PA;False;0,0;6974,0
Água Azul do Norte;2019;5742,0;24077,0;informado;10,0;0,66;Milho (em grão);16041,0;0,0;0,0;170,0;5217,0;0,0;30,0;325,0;PA;False;89,7;4193,0
Alenquer;2019;14454,0;91523,0;informado;17,0;0,338;Mandioca;39848,0;20,0;0,0;2404,0;3910,0;3,0;417,0;7700,0;PA;False;20,8;6332,0
Almeirim;2019;774,0;8192,0;informado;16,0;0,121;Açaí;2509,0;8,0;0,0;316,0;150,0;0,0;120,0;180,0;PA;False;12,9;10584,0
Altamira;2019;36451,0;201720,0;informado;22,0;0,276;Soja (em grão);68040,0;45,0;0,0;1665,0;27605,0;8,0;5688,0;1440,0;PA;False;68,6;5534,0
Anajás;2019;2640,0;49578,0;informado;4,0;0,711;Açaí;45338,0;0,0;0,0;2320,0;0,0;0,0;0,0;320,0;PA;False;0,0;18780,0
Ananindeua;2019;38,0;366,0;informado;2,0;0,589;Açaí;209,0;0,0;0,0;38,0;0,0;0,0;0,0;0,0;PA;False;0,0;9632,0
Anapu;2019;9231,0;107857,0;informado;18,0;0,566;Cacau (em amêndoa);85554,0;0,0;0,0;1043,0;1000,0;5,0;6933,0;250,0;PA;False;7,6;11684,0
Augusto Corrêa;2019;2826,0;7014,0;informado;16,0;0,525;Mandioca;2697,0;2,0;10,0;246,0;470,0;0,0;90,0;2008,0;PA;False;3,5;2482,0
Aurora do Pará;2019;4059,0;15580,0;informado;14,0;0,246;Pimenta-do-reino;5925,0;0,0;0,0;1259,0;1000,0;0,0;500,0;1300,0;PA;False;20,7;3838,0
Aveiro;2019;2995,0;11836,0;informado;19,0;0,292;Mandioca;5250,0;12,0;0,0;477,0;602,0;0,0;404,0;1500,0;PA;False;13,4;3952,0
Bagre;2019;3127,0;41715,0;informado;5,0;0,504;Açaí;32760,0;0,0;0,0;1827,0;0,0;0,0;0,0;1300,0;PA;False;0,0;13340,0
Baião;2019;12725,0;83409,0;informado;9,0;0,632;Mandioca;55000,0;0,0;0,0;725,0;250,0;0,0;1750,0;10000,0;PA;False;1,6;6555,0
Bannach;2019;175,0;638,0;informado;6,0;0,335;Banana (cacho);240,0;0,0;0,0;20,0;108,0;0,0;8,0;39,0;PA;False;51,4;3646,0
Barcarena;2019;13912,0;191601,0;informado;16,0;0,542;Açaí;175000,0;5,0;0,0;10477,0;360,0;0,0;1520,0;1550,0;PA;False;2,2;13772,0
Belém;2019;180,0;1053,0;informado;1,0;1,0;Açaí;1053,0;0,0;0,0;180,0;0,0;0,0;0,0;0,0;PA;False;0,0;5850,0
Belterra;2019;22442,0;64490,0;informado;17,0;0,481;Soja (em grão);41553,0;0,0;0,0;243,0;21031,0;2,0;66,0;1100,0;PA;False;92,9;2874,0
Benevides;2019;150,0;675,0;informado;1,0;1,0;Açaí;675,0;0,0;0,0;150,0;0,0;0,0;0,0;0,0;PA;False;0,0;4500,0
Bom Jesus do Tocantins;2019;1159,0;3399,0;informado;12,0;0,273;Mandioca;896,0;0,0;0,0;94,0;650,0;0,0;0,0;415,0;PA;False;34,5;2933,0
Bonito;2019;10000,0;49882,0;informado;9,0;0,814;Dendê (cacho de coco);44845,0;0,0;0,0;180,0;170,0;0,0;9050,0;600,0;PA;False;0,7;4988,0
Bragança;2019;7375,0;18779,0;informado;13,0;0,678;Mandioca;13253,0;10,0;0,0;325,0;980,0;0,0;45,0;6015,0;PA;False;10,8;2546,0
Brasil Novo;2019;8273,0;91295,0;informado;16,0;0,774;Cacau (em amêndoa);78841,0;3,0;0,0;574,0;232,0;0,0;7274,0;190,0;PA;False;2,4;11035,0
Brejo Grande do Araguaia;2019;1505,0;8194,0;informado;8,0;0,346;Banana (cacho);4500,0;0,0;0,0;220,0;1225,0;0,0;0,0;60,0;PA;False;79,7;5445,0
Breu Branco;2019;1159,0;13295,0;informado;10,0;0,288;Pimenta-do-reino;7182,0;0,0;0,0;237,0;0,0;0,0;502,0;420,0;PA;False;0,0;11471,0
Breves;2019;2936,0;51504,0;informado;5,0;0,741;Açaí;48750,0;0,0;0,0;2576,0;0,0;0,0;0,0;360,0;PA;False;0,0;17542,0
Bujaru;2019;8677,0;101878,0;informado;11,0;0,53;Açaí;85760,0;0,0;0,0;6647,0;290,0;0,0;740,0;1000,0;PA;False;1,4;11741,0
Cachoeira do Piriá;2019;3993,0;18730,0;informado;13,0;0,219;Açaí;10406,0;0,0;180,0;953,0;1310,0;0,0;130,0;1420,0;PA;False;20,0;4691,0
Cachoeira do Arari;2019;6890,0;30385,0;informado;5,0;0,765;Arroz (em casca);19222,0;0,0;0,0;660,0;6000,0;0,0;0,0;230,0;PA;False;0,0;4410,0
Cametá;2019;44855,0;339324,0;informado;14,0;0,492;Açaí;271065,0;0,0;0,0;30124,0;694,0;0,0;7037,0;7000,0;PA;False;0,6;7565,0
Canaã dos Carajás;2019;7214,0;28218,0;informado;9,0;0,703;Milho (em grão);12180,0;0,0;0,0;814,0;6120,0;0,0;0,0;280,0;PA;False;83,2;3912,0
Capanema;2019;7297,0;40882,0;informado;11,0;0,473;Mandioca;33600,0;0,0;0,0;175,0;2502,0;0,0;120,0;4500,0;PA;False;4,1;5603,0
Capitão Poço;2019;22950,0;267466,0;informado;14,0;0,252;Laranja;114750,0;0,0;100,0;15600,0;3050,0;0,0;1100,0;3100,0;PA;False;6,5;11654,0
Castanhal;2019;7802,0;70735,0;informado;14,0;0,317;Mandioca;40098,0;0,0;0,0;1460,0;750,0;0,0;1492,0;4100,0;PA;False;4,5;9066,0
Chaves;2019;100,0;333,0;informado;1,0;1,0;Mandioca;333,0;0,0;0,0;0,0;0,0;0,0;0,0;100,0;PA;False;0,0;3330,0
Colares;2019;415,0;1905,0;informado;7,0;0,84;Mandioca;1748,0;0,0;0,0;20,0;15,0;0,0;0,0;380,0;PA;False;2,4;4590,0
Conceição do Araguaia;2019;6062,0;32032,0;informado;6,0;0,385;Abacaxi;15275,0;0,0;0,0;1490,0;4172,0;0,0;0,0;400,0;PA;False;68,8;5284,0
Concórdia do Pará;2019;24534,0;111380,0;informado;14,0;0,582;Dendê (cacho de coco);71760,0;0,0;0,0;2395,0;119,0;0,0;19420,0;2600,0;PA;False;0,2;4540,0
Cumaru do Norte;2019;25283,0;79191,0;informado;11,0;0,447;Soja (em grão);48391,0;0,0;0,0;318,0;24465,0;0,0;50,0;450,0;PA;False;94,5;3132,0
Curionópolis;2019;3380,0;14851,0;informado;6,0;0,648;Milho (em grão);5403,0;0,0;0,0;280,0;2680,0;0,0;0,0;420,0;PA;False;79,3;4394,0
Curralinho;2019;1463,0;21250,0;informado;5,0;0,562;Açaí;18000,0;4,0;0,0;1009,0;0,0;0,0;0,0;450,0;PA;False;0,0;14525,0
Curuá;2019;692,0;6749,0;informado;10,0;0,421;Açaí;3548,0;0,0;4,0;525,0;103,0;0,0;0,0;60,0;PA;False;11,6;9753,0
Curuçá;2019;1388,0;11605,0;informado;13,0;0,363;Mandioca;6048,0;0,0;0,0;340,0;30,0;0,0;218,0;800,0;PA;False;1,1;8361,0
Dom Eliseu;2019;93776,0;317566,0;informado;17,0;0,826;Soja (em grão);297755,0;0,0;0,0;394,0;92910,0;5,0;47,0;420,0;PA;False;97,0;3386,0
Eldorado do Carajás;2019;2600,0;12857,0;informado;13,0;0,421;Banana (cacho);4063,0;0,0;0,0;340,0;1690,0;0,0;120,0;450,0;PA;False;61,5;4945,0
Faro;2019;303,0;1042,0;informado;9,0;0,687;Mandioca;614,0;4,0;0,0;44,0;5,0;0,0;0,0;250,0;PA;False;1,7;3439,0
Floresta do Araguaia;2019;16959,0;200164,0;informado;7,0;0,413;Abacaxi;172500,0;0,0;0,0;10175,0;5704,0;0,0;0,0;1080,0;PA;False;33,6;11803,0
Garrafão do Norte;2019;7728,0;37162,0;informado;13,0;0,208;Laranja;9525,0;0,0;20,0;1248,0;1410,0;0,0;2550,0;2500,0;PA;False;10,4;4809,0
Goianésia do Pará;2019;452,0;5579,0;informado;10,0;0,209;Pimenta-do-reino;1893,0;0,0;0,0;175,0;0,0;0,0;127,0;150,0;PA;False;0,0;12343,0
Gurupá;2019;1076,0;12287,0;informado;13,0;0,234;Açaí;7478,0;4,0;0,0;479,0;168,0;0,0;105,0;320,0;PA;False;2,8;11419,0
Igarapé-Açu;2019;8095,0;56651,0;informado;17,0;0,317;Dendê (cacho de coco);16065,0;15,0;0,0;1305,0;195,0;0,0;5480,0;1100,0;PA;False;1,5;6998,0
Igarapé-Miri;2019;47820,0;890990,0;informado;14,0;0,887;Açaí;880000,0;10,0;0,0;45200,0;72,0;0,0;508,0;2030,0;PA;False;0,1;18632,0
Inhangapi;2019;3980,0;37184,0;informado;15,0;0,354;Açaí;20757,0;0,0;0,0;2102,0;23,0;0,0;355,0;1500,0;PA;False;0,3;9343,0
Ipixuna do Pará;2019;14761,0;42824,0;informado;16,0;0,295;Soja (em grão);24738,0;0,0;0,0;206,0;11750,0;0,0;555,0;2250,0;PA;False;66,4;2901,0
Irituia;2019;3851,0;21771,0;informado;12,0;0,227;Dendê (cacho de coco);5882,0;0,0;60,0;867,0;695,0;0,0;1629,0;600,0;PA;False;11,7;5653,0
Itaituba;2019;7527,0;86052,0;informado;21,0;0,354;Banana (cacho);67061,0;10,0;0,0;4615,0;1675,0;5,0;207,0;1015,0;PA;False;10,6;11432,0
Itupiranga;2019;7823,0;55205,0;informado;10,0;0,359;Mandioca;33200,0;0,0;0,0;1067,0;3256,0;0,0;100,0;3400,0;PA;False;40,3;7057,0
Jacareacanga;2019;3175,0;23249,0;informado;12,0;0,441;Mandioca;12150,0;10,0;0,0;331,0;822,0;0,0;12,0;2000,0;PA;False;2,7;7323,0
Jacundá;2019;82,0;651,0;informado;3,0;0,371;Mandioca;331,0;0,0;0,0;15,0;30,0;0,0;0,0;37,0;PA;False;36,6;7939,0
Juruti;2019;12166,0;31864,0;informado;13,0;0,973;Mandioca;30300,0;7,0;15,0;117,0;27,0;0,0;0,0;12000,0;PA;False;0,1;2619,0
Limoeiro do Ajuru;2019;7317,0;73737,0;informado;10,0;0,83;Açaí;67830,0;0,0;0,0;6689,0;90,0;0,0;83,0;455,0;PA;False;0,2;10077,0
Mãe do Rio;2019;1829,0;5416,0;informado;12,0;0,252;Mandioca;1714,0;0,0;0,0;229,0;900,0;0,0;100,0;600,0;PA;False;32,8;2961,0
Magalhães Barata;2019;1145,0;5964,0;informado;9,0;0,766;Mandioca;5100,0;0,0;0,0;80,0;55,0;0,0;10,0;1000,0;PA;False;2,6;5209,0
Marabá;2019;14049,0;88514,0;informado;14,0;0,396;Mandioca;50000,0;0,0;0,0;1049,0;7800,0;0,0;0,0;5200,0;PA;False;54,1;6300,0
Maracanã;2019;2329,0;14458,0;informado;17,0;0,228;Mandioca;4460,0;0,0;0,0;413,0;392,0;0,0;524,0;1000,0;PA;False;8,6;6208,0
Marapanim;2019;974,0;7280,0;informado;14,0;0,373;Mandioca;3603,0;0,0;0,0;217,0;82,0;0,0;95,0;580,0;PA;False;4,1;7474,0
Marituba;2019;;;indisponivel;;;;;0,0;0,0;0,0;0,0;0,0;0,0;0,0;PA;False;;
Medicilândia;2019;49861,0;512920,0;informado;18,0;0,79;Cacau (em amêndoa);425041,0;0,0;0,0;4448,0;855,0;12,0;44166,0;380,0;PA;False;1,4;10287,0
Melgaço;2019;3258,0;19899,0;informado;5,0;0,754;Açaí;18200,0;0,0;0,0;2842,0;0,0;0,0;12,0;404,0;PA;False;0,0;6108,0
Mocajuba;2019;21167,0;71005,0;informado;9,0;0,29;Mandioca;36300,0;0,0;0,0;798,0;11500,0;0,0;1369,0;7500,0;PA;False;18,9;3355,0
Moju;2019;27768,0;184386,0;informado;18,0;0,218;Açaí;61100,0;0,0;0,0;12990,0;1050,0;0,0;7328,0;6400,0;PA;False;3,2;6640,0
Mojuí dos Campos;2019;31964,0;92269,0;informado;19,0;0,519;Soja (em grão);64500,0;4,0;0,0;435,0;29975,0;0,0;150,0;1400,0;PA;False;92,6;2887,0
Monte Alegre;2019;17750,0;59925,0;informado;21,0;0,329;Mandioca;16909,0;15,0;0,0;2545,0;10788,0;40,0;362,0;4000,0;PA;False;50,7;3376,0
Muaná;2019;5310,0;30692,0;informado;3,0;0,978;Açaí;30450,0;0,0;0,0;5260,0;0,0;0,0;0,0;50,0;PA;False;0,0;5780,0
Nova Esperança do Piriá;2019;5975,0;36820,0;informado;11,0;0,382;Mandioca;14400,0;0,0;150,0;652,0;1223,0;0,0;450,0;3500,0;PA;False;16,7;6162,0
Nova Ipixuna;2019;1166,0;6934,0;informado;10,0;0,359;Mandioca;3466,0;0,0;0,0;144,0;670,0;0,0;6,0;346,0;PA;False;51,5;5947,0
Nova Timboteua;2019;1997,0;9798,0;informado;8,0;0,297;Pimenta-do-reino;3240,0;0,0;0,0;217,0;360,0;0,0;420,0;1000,0;PA;False;8,0;4906,0
Novo Progresso;2019;19711,0;64008,0;informado;19,0;0,456;Soja (em grão);41250,0;5,0;0,0;186,0;18509,0;0,0;11,0;1000,0;PA;False;83,7;3247,0
Novo Repartimento;2019;6975,0;78735,0;informado;10,0;0,445;Banana (cacho);53196,0;0,0;0,0;2043,0;260,0;0,0;4172,0;500,0;PA;False;1,1;11288,0
Óbidos;2019;21167,0;199563,0;informado;14,0;0,894;Mandioca;189600,0;12,0;0,0;382,0;770,0;0,0;3,0;20000,0;PA;False;3,3;9428,0
Oeiras do Pará;2019;7926,0;71819,0;informado;8,0;0,416;Açaí;48315,0;0,0;0,0;3527,0;259,0;0,0;340,0;3800,0;PA;False;1,1;9061,0
Oriximiná;2019;15406,0;51512,0;informado;13,0;0,948;Mandioca;46440,0;4,0;0,0;162,0;240,0;0,0;0,0;15000,0;PA;False;0,8;3344,0
Ourém;2019;2005,0;10836,0;informado;10,0;0,267;Laranja;4324,0;0,0;10,0;625,0;300,0;0,0;170,0;900,0;PA;False;10,0;5404,0
Ourilândia do Norte;2019;1528,0;11484,0;informado;10,0;0,352;Cacau (em amêndoa);5847,0;0,0;0,0;209,0;349,0;0,0;830,0;140,0;PA;False;19,6;7516,0
Pacajá;2019;11827,0;75299,0;informado;18,0;0,287;Cacau (em amêndoa);34917,0;10,0;0,0;908,0;2953,0;0,0;5756,0;2200,0;PA;False;16,9;6367,0
Palestina do Pará;2019;825,0;4847,0;informado;4,0;0,45;Banana (cacho);2243,0;0,0;0,0;130,0;565,0;0,0;0,0;130,0;PA;False;63,0;5875,0
Paragominas;2019;188139,0;591253,0;informado;17,0;0,748;Soja (em grão);549180,0;0,0;0,0;570,0;185200,0;0,0;619,0;1750,0;PA;False;92,5;3143,0
Parauapebas;2019;9582,0;126626,0;informado;17,0;0,202;Mandioca;64100,0;0,0;0,0;2342,0;4550,0;70,0;120,0;2500,0;PA;False;38,1;13215,0
Pau D'Arco;2019;617,0;3190,0;informado;5,0;0,554;Mandioca;2593,0;0,0;0,0;22,0;165,0;0,0;0,0;430,0;PA;False;25,9;5170,0
Peixe-Boi;2019;1563,0;4563,0;informado;10,0;0,289;Coco-da-baía;1058,0;0,0;5,0;348,0;450,0;0,0;60,0;700,0;PA;False;22,4;2919,0
Piçarra;2019;4812,0;21158,0;informado;7,0;0,586;Milho (em grão);12600,0;0,0;0,0;75,0;3587,0;0,0;0,0;1150,0;PA;False;72,7;4397,0
Placas;2019;15724,0;97536,0;informado;15,0;0,458;Cacau (em amêndoa);58245,0;20,0;0,0;1911,0;2220,0;0,0;10973,0;600,0;PA;False;12,1;6203,0
Ponta de Pedras;2019;3655,0;31098,0;informado;3,0;0,97;Açaí;30935,0;0,0;0,0;3625,0;0,0;0,0;0,0;30,0;PA;False;0,0;8508,0
Portel;2019;16527,0;149102,0;informado;4,0;0,784;Mandioca;109900,0;0,0;0,0;2027,0;0,0;0,0;0,0;14500,0;PA;False;0,0;9022,0
Porto de Moz;2019;1206,0;12431,0;informado;16,0;0,186;Açaí;5150,0;15,0;0,0;451,0;310,0;0,0;30,0;400,0;PA;False;11,6;10308,0
Prainha;2019;4868,0;22724,0;informado;19,0;0,299;Mandioca;9450,0;6,0;0,0;654,0;2290,0;8,0;110,0;1800,0;PA;False;39,0;4668,0
Primavera;2019;581,0;1250,0;informado;6,0;0,287;Mandioca;612,0;0,0;0,0;70,0;331,0;0,0;10,0;170,0;PA;False;39,6;2151,0
Quatipuru;2019;635,0;2842,0;informado;6,0;0,527;Açaí;1720,0;0,0;0,0;115,0;70,0;0,0;0,0;450,0;PA;False;6,3;4476,0
Redenção;2019;10573,0;29364,0;informado;6,0;0,432;Soja (em grão);17202,0;0,0;0,0;132,0;9691,0;0,0;0,0;750,0;PA;False;91,7;2777,0
Rio Maria;2019;1372,0;14522,0;informado;9,0;0,268;Abacaxi;10800,0;0,0;0,0;328,0;936,0;0,0;0,0;108,0;PA;False;64,9;10585,0
Rondon do Pará;2019;38266,0;125708,0;informado;10,0;0,841;Soja (em grão);119700,0;0,0;0,0;40,0;37810,0;6,0;0,0;410,0;PA;False;98,3;3285,0
Rurópolis;2019;8808,0;36316,0;informado;17,0;0,162;Banana (cacho);11200,0;35,0;0,0;2352,0;4000,0;0,0;1571,0;850,0;PA;False;32,9;4123,0
Salinópolis;2019;722,0;1913,0;informado;6,0;0,29;Mandioca;1080,0;0,0;0,0;202,0;220,0;0,0;0,0;300,0;PA;False;16,6;2650,0
Salvaterra;2019;2293,0;24188,0;informado;5,0;0,522;Abacaxi;19883,0;0,0;0,0;743,0;1500,0;0,0;0,0;50,0;PA;False;0,0;10549,0
Santa Bárbara do Pará;2019;435,0;2267,0;informado;4,0;0,391;Açaí;1584,0;0,0;0,0;200,0;55,0;0,0;0,0;180,0;PA;False;6,9;5211,0
Santa Izabel do Pará;2019;6348,0;212360,0;informado;10,0;0,632;Açaí;200000,0;0,0;0,0;5160,0;0,0;0,0;788,0;400,0;PA;False;0,0;33453,0
Santa Luzia do Pará;2019;2010,0;12134,0;informado;9,0;0,251;Banana (cacho);6118,0;0,0;30,0;285,0;670,0;0,0;175,0;850,0;PA;False;19,9;6037,0
Santa Maria das Barreiras;2019;88690,0;240276,0;informado;10,0;0,413;Soja (em grão);179496,0;0,0;0,0;90,0;87800,0;0,0;0,0;800,0;PA;False;89,1;2709,0
Santa Maria do Pará;2019;6270,0;27779,0;informado;8,0;0,65;Mandioca;23320,0;0,0;0,0;130,0;665,0;0,0;475,0;5000,0;PA;False;10,4;4430,0
Santana do Araguaia;2019;103175,0;293749,0;informado;10,0;0,51;Soja (em grão);206644,0;0,0;0,0;95,0;101500,0;0,0;780,0;800,0;PA;False;91,6;2847,0
Santarém;2019;34233,0;109496,0;informado;21,0;0,364;Soja (em grão);56886,0;15,0;0,0;425,0;29475,0;12,0;306,0;4000,0;PA;False;83,3;3199,0
Santarém Novo;2019;1543,0;3215,0;informado;6,0;0,318;Mandioca;1450,0;0,0;0,0;30,0;941,0;0,0;22,0;550,0;PA;False;25,9;2084,0
Santo Antônio do Tauá;2019;5110,0;39500,0;informado;11,0;0,354;Dendê (cacho de coco);12389,0;0,0;0,0;1560,0;100,0;0,0;3150,0;300,0;PA;False;1,2;7730,0
São Caetano de Odivelas;2019;988,0;7531,0;informado;10,0;0,519;Mandioca;4872,0;0,0;0,0;177,0;85,0;0,0;26,0;700,0;PA;False;2,0;7622,0
São Domingos do Araguaia;2019;3605,0;30450,0;informado;8,0;0,358;Mandioca;17220,0;0,0;0,0;615,0;1060,0;0,0;30,0;1900,0;PA;False;25,0;8447,0
São Domingos do Capim;2019;12095,0;83789,0;informado;14,0;0,388;Mandioca;50333,0;0,0;0,0;2425,0;535,0;0,0;2135,0;7000,0;PA;False;2,6;6928,0
São Félix do Xingu;2019;11801,0;73565,0;informado;11,0;0,258;Cacau (em amêndoa);26928,0;0,0;0,0;1759,0;5166,0;0,0;3600,0;1276,0;PA;False;41,1;6234,0
São Francisco do Pará;2019;5875,0;41446,0;informado;13,0;0,478;Mandioca;28500,0;50,0;0,0;465,0;600,0;0,0;760,0;4000,0;PA;False;5,1;7055,0
São Geraldo do Araguaia;2019;6005,0;35699,0;informado;9,0;0,399;Banana (cacho);14940,0;0,0;0,0;1035,0;3650,0;0,0;720,0;600,0;PA;False;59,6;5945,0
São João da Ponta;2019;483,0;4583,0;informado;14,0;0,174;Abacaxi;1470,0;0,0;0,0;179,0;36,0;0,0;138,0;130,0;PA;False;3,1;9489,0
São João de Pirabas;2019;353,0;1186,0;informado;7,0;0,299;Açaí;345,0;0,0;0,0;85,0;93,0;0,0;0,0;175,0;PA;False;11,3;3360,0
São João do Araguaia;2019;1872,0;13427,0;informado;11,0;0,2;Banana (cacho);5625,0;0,0;0,0;472,0;850,0;0,0;0,0;550,0;PA;False;42,7;7173,0
São Miguel do Guamá;2019;7416,0;37267,0;informado;12,0;0,481;Mandioca;24633,0;0,0;0,0;508,0;1400,0;0,0;508,0;5000,0;PA;False;13,5;5025,0
São Sebastião da Boa Vista;2019;5550,0;53905,0;informado;2,0;0,982;Açaí;53724,0;0,0;0,0;5500,0;0,0;0,0;0,0;50,0;PA;False;0,0;9713,0
Sapucaia;2019;706,0;2458,0;informado;3,0;0,928;Milho (em grão);1958,0;0,0;0,0;10,0;680,0;0,0;0,0;16,0;PA;False;96,3;3482,0
Senador José Porfírio;2019;5937,0;58215,0;informado;12,0;0,514;Cacau (em amêndoa);45648,0;4,0;0,0;672,0;790,0;0,0;4171,0;300,0;PA;False;10,1;9805,0
Soure;2019;110,0;202,0;informado;1,0;1,0;Coco-da-baía;202,0;0,0;0,0;110,0;0,0;0,0;0,0;0,0;PA;False;0,0;1836,0
Tailândia;2019;85780,0;336455,0;informado;15,0;0,54;Dendê (cacho de coco);235521,0;0,0;0,0;625,0;22835,0;0,0;61320,0;1000,0;PA;False;25,9;3922,0
Terra Alta;2019;469,0;3583,0;informado;12,0;0,327;Dendê (cacho de coco);1141,0;0,0;0,0;95,0;10,0;0,0;294,0;70,0;PA;False;1,1;7640,0
Terra Santa;2019;98,0;386,0;informado;7,0;0,476;Mandioca;167,0;5,0;0,0;17,0;10,0;0,0;0,0;66,0;PA;False;10,2;3939,0
Tomé-Açu;2019;49274,0;341041,0;informado;14,0;0,543;Dendê (cacho de coco);139542,0;0,0;0,0;4104,0;1050,0;0,0;42070,0;2050,0;PA;False;1,5;6921,0
Tracuateua;2019;5246,0;16298,0;informado;14,0;0,372;Mandioca;8773,0;0,0;20,0;261,0;2310,0;0,0;35,0;2620,0;PA;False;8,6;3107,0
Trairão;2019;13685,0;62034,0;informado;18,0;0,167;Mandioca;17745,0;10,0;0,0;1848,0;6450,0;2,0;1465,0;3910,0;PA;False;21,9;4533,0
Tucumã;2019;6229,0;44055,0;informado;9,0;0,574;Cacau (em amêndoa);36704,0;0,0;0,0;210,0;1284,0;0,0;4600,0;135,0;PA;False;20,1;7073,0
Tucuruí;2019;58,0;430,0;informado;4,0;0,422;Mandioca;202,0;0,0;0,0;5,0;0,0;0,0;18,0;35,0;PA;False;0,0;7414,0
Ulianópolis;2019;77328,0;295863,0;informado;21,0;0,468;Soja (em grão);175150,0;14430,0;0,0;199,0;62147,0;0,0;102,0;450,0;PA;False;76,3;3826,0
Uruará;2019;21292,0;207442,0;informado;17,0;0,62;Cacau (em amêndoa);170883,0;0,0;0,0;1255,0;2440,0;50,0;16722,0;825,0;PA;False;9,5;9743,0
Vigia;2019;1045,0;7920,0;informado;8,0;0,303;Mandioca;3480,0;0,0;0,0;260,0;0,0;0,0;285,0;500,0;PA;False;0,0;7579,0
Viseu;2019;8224,0;42034,0;informado;13,0;0,378;Açaí;20720,0;0,0;150,0;1274,0;1850,0;0,0;120,0;4830,0;PA;False;9,1;5111,0
Vitória do Xingu;2019;6572,0;65772,0;informado;16,0;0,626;Cacau (em amêndoa);49438,0;6,0;0,0;634,0;335,0;0,0;5167,0;430,0;PA;False;3,8;10008,0
Xinguara;2019;1459,0;6663,0;informado;11,0;0,352;Milho (em grão);1853,0;5,0;0,0;114,0;990,0;0,0;90,0;260,0;PA;False;62,0;4567,0
Abaetetuba;2020;32183,0;337151,0;informado;17,0;0,666;Açaí;273000,0;100,0;0,0;26640,0;225,0;0,0;3168,0;2050,0;PA;False;0,3;10476,0
Abel Figueiredo;2020;6103,0;30626,0;informado;12,0;0,816;Soja (em grão);27861,0;10,0;0,0;54,0;5722,0;0,0;13,0;304,0;PA;False;93,4;5018,0
Acará;2020;41569,0;247887,0;informado;13,0;0,324;Mandioca;113676,0;0,0;0,0;7099,0;150,0;0,0;16020,0;18300,0;PA;False;0,1;5963,0
Afuá;2020;159,0;1093,0;informado;2,0;0,594;Banana (cacho);565,0;0,0;0,0;45,0;0,0;0,0;0,0;114,0;PA;False;0,0;6874,0
Água Azul do Norte;2020;5704,0;29274,0;informado;10,0;0,668;Milho (em grão);20698,0;0,0;0,0;160,0;5214,0;0,0;30,0;300,0;PA;False;90,3;5132,0
Alenquer;2020;14265,0;118364,0;informado;16,0;0,347;Mandioca;68376,0;20,0;0,0;2410,0;3715,0;3,0;417,0;7700,0;PA;False;21,0;8298,0
Almeirim;2020;787,0;8187,0;informado;16,0;0,119;Açaí;2392,0;8,0;0,0;324,0;145,0;0,0;130,0;180,0;PA;False;12,1;10403,0
Altamira;2020;36256,0;214080,0;informado;23,0;0,26;Cacau (em amêndoa);85484,0;20,0;0,0;1692,0;27405,0;5,0;5694,0;1440,0;PA;False;66,2;5905,0
Anajás;2020;4204,0;103729,0;informado;4,0;0,802;Açaí;99272,0;0,0;0,0;3894,0;0,0;0,0;0,0;310,0;PA;False;0,0;24674,0
Ananindeua;2020;38,0;369,0;informado;2,0;0,589;Açaí;203,0;0,0;0,0;38,0;0,0;0,0;0,0;0,0;PA;False;0,0;9711,0
Anapu;2020;12550,0;181566,0;informado;18,0;0,656;Cacau (em amêndoa);156812,0;0,0;0,0;981,0;1010,0;5,0;10194,0;360,0;PA;False;5,6;14467,0
Augusto Corrêa;2020;2429,0;16842,0;informado;15,0;0,388;Mandioca;10220,0;0,0;10,0;251,0;670,0;0,0;90,0;1408,0;PA;False;6,2;6934,0
Aurora do Pará;2020;5959,0;79536,0;informado;15,0;0,216;Açaí;45072,0;0,0;0,0;1259,0;1000,0;0,0;2400,0;1300,0;PA;False;14,1;13347,0
Aveiro;2020;2980,0;11503,0;informado;19,0;0,295;Mandioca;6000,0;12,0;0,0;472,0;602,0;0,0;394,0;1500,0;PA;False;13,4;3860,0
Bagre;2020;7234,0;115318,0;informado;5,0;0,56;Açaí;103708,0;0,0;0,0;4934,0;0,0;0,0;0,0;2300,0;PA;False;0,0;15941,0
Baião;2020;12725,0;148431,0;informado;9,0;0,632;Mandioca;109197,0;0,0;0,0;725,0;250,0;0,0;1750,0;10000,0;PA;False;1,6;11665,0
Bannach;2020;148,0;660,0;informado;4,0;0,322;Mandioca;405,0;0,0;0,0;50,0;60,0;0,0;8,0;30,0;PA;False;40,5;4459,0
Barcarena;2020;19865,0;291485,0;informado;16,0;0,59;Açaí;243000,0;5,0;0,0;15625,0;362,0;0,0;2323,0;1550,0;PA;False;1,5;14673,0
Belém;2020;170,0;1994,0;informado;1,0;1,0;Açaí;1994,0;0,0;0,0;170,0;0,0;0,0;0,0;0,0;PA;False;0,0;11729,0
Belterra;2020;31792,0;95071,0;informado;17,0;0,525;Soja (em grão);73260,0;0,0;0,0;244,0;30380,0;2,0;66,0;1100,0;PA;False;89,6;2990,0
Benevides;2020;150,0;961,0;informado;1,0;1,0;Açaí;961,0;0,0;0,0;150,0;0,0;0,0;0,0;0,0;PA;False;0,0;6407,0
Bom Jesus do Tocantins;2020;804,0;4133,0;informado;13,0;0,299;Mandioca;1144,0;0,0;0,0;76,0;345,0;0,0;0,0;383,0;PA;False;23,6;5141,0
Bonito;2020;10125,0;58710,0;informado;9,0;0,812;Dendê (cacho de coco);48240,0;0,0;0,0;220,0;155,0;0,0;9150,0;600,0;PA;False;0,7;5799,0
Bragança;2020;7833,0;58675,0;informado;12,0;0,606;Mandioca;50240,0;0,0;0,0;288,0;1480,0;0,0;55,0;6010,0;PA;False;10,2;7491,0
Brasil Novo;2020;8145,0;113284,0;informado;15,0;0,798;Cacau (em amêndoa);100965,0;0,0;0,0;560,0;121,0;0,0;7274,0;190,0;PA;False;1,2;13908,0
Brejo Grande do Araguaia;2020;1505,0;9974,0;informado;8,0;0,346;Banana (cacho);5099,0;0,0;0,0;220,0;1225,0;0,0;0,0;60,0;PA;False;79,7;6627,0
Breu Branco;2020;1159,0;20537,0;informado;10,0;0,288;Pimenta-do-reino;12000,0;0,0;0,0;237,0;0,0;0,0;502,0;420,0;PA;False;0,0;17720,0
Breves;2020;2552,0;46918,0;informado;5,0;0,698;Açaí;43392,0;0,0;0,0;2192,0;0,0;0,0;0,0;360,0;PA;False;0,0;18385,0
Bujaru;2020;8677,0;151458,0;informado;11,0;0,53;Açaí;129698,0;0,0;0,0;6647,0;290,0;0,0;740,0;1000,0;PA;False;1,4;17455,0
Cachoeira do Piriá;2020;3689,0;27729,0;informado;13,0;0,223;Mandioca;11022,0;0,0;150,0;759,0;1250,0;0,0;130,0;1400,0;PA;False;19,0;7517,0
Cachoeira do Arari;2020;6550,0;41136,0;informado;4,0;0,741;Arroz (em casca);28808,0;0,0;0,0;750,0;5600,0;0,0;0,0;200,0;PA;False;0,0;6280,0
Cametá;2020;44855,0;786481,0;informado;14,0;0,492;Açaí;663686,0;0,0;0,0;30124,0;694,0;0,0;7037,0;7000,0;PA;False;0,6;17534,0
Canaã dos Carajás;2020;7117,0;33908,0;informado;9,0;0,759;Milho (em grão);13838,0;0,0;0,0;523,0;6314,0;0,0;0,0;280,0;PA;False;86,8;4764,0
Capanema;2020;8296,0;64034,0;informado;12,0;0,383;Mandioca;47948,0;0,0;0,0;274,0;2302,0;0,0;1120,0;4600,0;PA;False;3,6;7719,0
Capitão Poço;2020;25150,0;319889,0;informado;14,0;0,295;Laranja;160000,0;0,0;100,0;18100,0;2750,0;0,0;1100,0;3100,0;PA;False;6,0;12719,0
Castanhal;2020;7752,0;105607,0;informado;13,0;0,321;Açaí;45600,0;0,0;0,0;1410,0;750,0;0,0;1492,0;4100,0;PA;False;4,5;13623,0
Chaves;2020;103,0;357,0;informado;1,0;1,0;Mandioca;357,0;0,0;0,0;0,0;0,0;0,0;0,0;103,0;PA;False;0,0;3466,0
Colares;2020;415,0;1600,0;informado;7,0;0,84;Mandioca;1459,0;0,0;0,0;20,0;15,0;0,0;0,0;380,0;PA;False;2,4;3855,0
Conceição do Araguaia;2020;7734,0;79334,0;informado;9,0;0,325;Abacaxi;57600,0;0,0;0,0;1410,0;5924,0;0,0;0,0;400,0;PA;False;73,9;10258,0
Concórdia do Pará;2020;24534,0;102108,0;informado;14,0;0,582;Dendê (cacho de coco);50725,0;0,0;0,0;2395,0;119,0;0,0;19420,0;2600,0;PA;False;0,2;4162,0
Cumaru do Norte;2020;47899,0;271542,0;informado;11,0;0,492;Soja (em grão);156000,0;0,0;0,0;356,0;47118,0;0,0;25,0;400,0;PA;False;98,1;5669,0
Curionópolis;2020;3378,0;18489,0;informado;6,0;0,648;Mandioca;6973,0;0,0;0,0;280,0;2678,0;0,0;0,0;420,0;PA;False;79,3;5473,0
Curralinho;2020;2093,0;40816,0;informado;5,0;0,637;Açaí;38195,0;4,0;0,0;1611,0;0,0;0,0;0,0;478,0;PA;False;0,0;19501,0
Curuá;2020;693,0;9706,0;informado;10,0;0,42;Açaí;6128,0;0,0;5,0;525,0;103,0;0,0;0,0;60,0;PA;False;11,5;14006,0
Curuçá;2020;1388,0;16775,0;informado;13,0;0,363;Mandioca;6083,0;0,0;0,0;340,0;30,0;0,0;218,0;800,0;PA;False;1,1;12086,0
Dom Eliseu;2020;101002,0;480115,0;informado;17,0;0,799;Soja (em grão);448781,0;0,0;0,0;403,0;100335,0;5,0;59,0;200,0;PA;False;94,1;4754,0
Eldorado do Carajás;2020;2649,0;18465,0;informado;13,0;0,428;Mandioca;7183,0;0,0;0,0;340,0;1739,0;0,0;120,0;450,0;PA;False;62,2;6971,0
Faro;2020;302,0;1586,0;informado;9,0;0,69;Mandioca;1200,0;6,0;0,0;40,0;6,0;0,0;0,0;250,0;PA;False;2,0;5252,0
Floresta do Araguaia;2020;18101,0;443148,0;informado;9,0;0,382;Abacaxi;405000,0;0,0;0,0;10245,0;6776,0;0,0;0,0;1080,0;PA;False;36,9;24482,0
Garrafão do Norte;2020;7978,0;59458,0;informado;13,0;0,219;Mandioca;17325,0;0,0;20,0;1213,0;1410,0;0,0;3235,0;2100,0;PA;False;10,0;7453,0
Goianésia do Pará;2020;523,0;7311,0;informado;10,0;0,213;Açaí;2009,0;0,0;0,0;213,0;0,0;0,0;160,0;150,0;PA;False;0,0;13979,0
Gurupá;2020;1077,0;13293,0;informado;13,0;0,233;Açaí;7144,0;4,0;0,0;480,0;168,0;0,0;105,0;320,0;PA;False;2,8;12343,0
Igarapé-Açu;2020;8095,0;95859,0;informado;17,0;0,317;Pimenta-do-reino;33264,0;15,0;0,0;1305,0;195,0;0,0;5480,0;1100,0;PA;False;1,5;11842,0
Igarapé-Miri;2020;54845,0;1601680,0;informado;14,0;0,9;Açaí;1575000,0;10,0;0,0;52211,0;82,0;0,0;502,0;2040,0;PA;False;0,1;29204,0
Inhangapi;2020;3980,0;49786,0;informado;15,0;0,354;Açaí;31537,0;0,0;0,0;2102,0;23,0;0,0;355,0;1500,0;PA;False;0,3;12509,0
Ipixuna do Pará;2020;14041,0;58379,0;informado;16,0;0,29;Soja (em grão);32864,0;0,0;0,0;325,0;10916,0;0,0;500,0;2300,0;PA;False;66,6;4158,0
Irituia;2020;3951,0;39678,0;informado;13,0;0,217;Açaí;17364,0;0,0;60,0;967,0;695,0;0,0;1629,0;600,0;PA;False;11,4;10043,0
Itaituba;2020;4531,0;61657,0;informado;20,0;0,238;Banana (cacho);40572,0;10,0;0,0;2109,0;895,0;5,0;502,0;1010,0;PA;False;9,9;13608,0
Itupiranga;2020;7537,0;54072,0;informado;10,0;0,383;Mandioca;33203,0;0,0;0,0;817,0;3240,0;0,0;80,0;3400,0;PA;False;41,8;7174,0
Jacareacanga;2020;3168,0;24957,0;informado;12,0;0,442;Mandioca;12150,0;10,0;0,0;324,0;822,0;0,0;12,0;2000,0;PA;False;2,7;7878,0
Jacundá;2020;52,0;741,0;informado;2,0;0,589;Mandioca;375,0;0,0;0,0;15,0;0,0;0,0;0,0;37,0;PA;False;0,0;14250,0
Juruti;2020;10220,0;61792,0;informado;14,0;0,957;Mandioca;60000,0;7,0;53,0;126,0;34,0;0,0;0,0;10000,0;PA;False;0,2;6046,0
Limoeiro do Ajuru;2020;7317,0;171132,0;informado;10,0;0,83;Açaí;165984,0;0,0;0,0;6689,0;90,0;0,0;83,0;455,0;PA;False;0,2;23388,0
Mãe do Rio;2020;1829,0;10618,0;informado;12,0;0,252;Mandioca;4084,0;0,0;0,0;229,0;900,0;0,0;100,0;600,0;PA;False;32,8;5805,0
Magalhães Barata;2020;1145,0;6936,0;informado;9,0;0,766;Mandioca;5286,0;0,0;0,0;80,0;55,0;0,0;10,0;1000,0;PA;False;2,6;6058,0
Marabá;2020;14439,0;98804,0;informado;14,0;0,4;Mandioca;52600,0;0,0;0,0;1049,0;8190,0;0,0;0,0;5200,0;PA;False;55,3;6843,0
Maracanã;2020;2329,0;22304,0;informado;17,0;0,228;Açaí;7125,0;0,0;0,0;413,0;392,0;0,0;524,0;1000,0;PA;False;8,6;9577,0
Marapanim;2020;974,0;10257,0;informado;14,0;0,373;Mandioca;3058,0;0,0;0,0;217,0;82,0;0,0;95,0;580,0;PA;False;4,1;10531,0
Marituba;2020;;;indisponivel;;;;;0,0;0,0;0,0;0,0;0,0;0,0;0,0;PA;False;;
Medicilândia;2020;52828,0;759786,0;informado;18,0;0,714;Cacau (em amêndoa);616981,0;0,0;0,0;6702,0;1655,0;15,0;44186,0;270,0;PA;False;2,9;14382,0
Melgaço;2020;3294,0;18406,0;informado;5,0;0,764;Açaí;16286,0;0,0;0,0;2880,0;0,0;0,0;10,0;404,0;PA;False;0,0;5588,0
Mocajuba;2020;21167,0;114566,0;informado;9,0;0,29;Mandioca;70875,0;0,0;0,0;798,0;11500,0;0,0;1369,0;7500,0;PA;False;18,9;5412,0
Moju;2020;50055,0;488168,0;informado;17,0;0,35;Dendê (cacho de coco);140012,0;0,0;0,0;15350,0;955,0;0,0;27350,0;6400,0;PA;False;1,6;9753,0
Mojuí dos Campos;2020;47752,0;146454,0;informado;19,0;0,57;Soja (em grão);116550,0;4,0;0,0;393,0;46025,0;0,0;130,0;1200,0;PA;False;90,3;3067,0
Monte Alegre;2020;19868,0;84916,0;informado;21,0;0,314;Mandioca;27000,0;15,0;0,0;2658,0;10788,0;40,0;367,0;6000,0;PA;False;45,3;4274,0
Muaná;2020;5815,0;48408,0;informado;3,0;0,978;Açaí;48125,0;0,0;0,0;5765,0;0,0;0,0;0,0;50,0;PA;False;0,0;8325,0
Nova Esperança do Piriá;2020;9947,0;54474,0;informado;11,0;0,38;Mandioca;26250,0;0,0;150,0;624,0;5223,0;0,0;450,0;3500,0;PA;False;50,3;5476,0
Nova Ipixuna;2020;1157,0;7541,0;informado;9,0;0,385;Mandioca;4001,0;0,0;0,0;137,0;659,0;0,0;6,0;355,0;PA;False;53,4;6518,0
Nova Timboteua;2020;1997,0;18499,0;informado;8,0;0,297;Mandioca;8250,0;0,0;0,0;217,0;360,0;0,0;420,0;1000,0;PA;False;8,0;9263,0
Novo Progresso;2020;19744,0;65930,0;informado;19,0;0,455;Soja (em grão);44674,0;5,0;0,0;219,0;18509,0;0,0;11,0;1000,0;PA;False;83,6;3339,0
Novo Repartimento;2020;6975,0;56037,0;informado;10,0;0,445;Cacau (em amêndoa);27840,0;0,0;0,0;2043,0;260,0;0,0;4172,0;500,0;PA;False;1,1;8034,0
Óbidos;2020;20602,0;135686,0;informado;16,0;0,943;Mandioca;127637,0;12,0;0,0;427,0;150,0;0,0;13,0;20000,0;PA;False;0,5;6586,0
Oeiras do Pará;2020;7926,0;175945,0;informado;8,0;0,416;Açaí;133197,0;0,0;0,0;3527,0;259,0;0,0;340,0;3800,0;PA;False;1,1;22198,0
Oriximiná;2020;15500,0;84358,0;informado;13,0;0,937;Mandioca;79142,0;4,0;0,0;219,0;277,0;0,0;0,0;15000,0;PA;False;1,0;5442,0
Ourém;2020;2060,0;17118,0;informado;10,0;0,259;Mandioca;6240,0;0,0;10,0;680,0;300,0;0,0;170,0;900,0;PA;False;9,7;8310,0
Ourilândia do Norte;2020;1559,0;18026,0;informado;10,0;0,342;Cacau (em amêndoa);8086,0;0,0;0,0;211,0;358,0;0,0;830,0;160,0;PA;False;19,6;11563,0
Pacajá;2020;11417,0;106068,0;informado;18,0;0,293;Cacau (em amêndoa);42293,0;10,0;0,0;1138,0;2513,0;0,0;5756,0;2000,0;PA;False;14,1;9290,0
Palestina do Pará;2020;804,0;4817,0;informado;4,0;0,454;Banana (cacho);2700,0;0,0;0,0;120,0;554,0;0,0;0,0;130,0;PA;False;63,4;5991,0
Paragominas;2020;192931,0;888054,0;informado;17,0;0,755;Soja (em grão);833105,0;0,0;0,0;571,0;190500,0;0,0;620,0;1240,0;PA;False;93,0;4603,0
Parauapebas;2020;9834,0;128624,0;informado;16,0;0,205;Mandioca;62128,0;0,0;0,0;2346,0;4775,0;73,0;120,0;2520,0;PA;False;38,9;13080,0
Pau D'Arco;2020;1061,0;4698,0;informado;5,0;0,366;Mandioca;2294,0;0,0;0,0;22,0;609,0;0,0;0,0;430,0;PA;False;57,4;4428,0
Peixe-Boi;2020;1536,0;8031,0;informado;10,0;0,299;Mandioca;3883,0;0,0;8,0;318,0;450,0;0,0;60,0;700,0;PA;False;22,8;5229,0
Piçarra;2020;4812,0;38882,0;informado;7,0;0,586;Mandioca;20700,0;0,0;0,0;75,0;3587,0;0,0;0,0;1150,0;PA;False;72,7;8080,0
Placas;2020;17397,0;129919,0;informado;15,0;0,521;Cacau (em amêndoa);95000,0;20,0;0,0;1594,0;2310,0;0,0;12873,0;600,0;PA;False;11,7;7468,0
Ponta de Pedras;2020;3365,0;35966,0;informado;3,0;0,962;Açaí;35739,0;0,0;0,0;3335,0;0,0;0,0;0,0;30,0;PA;False;0,0;10688,0
Portel;2020;18831,0;188030,0;informado;4,0;0,783;Mandioca;130276,0;0,0;0,0;2331,0;0,0;0,0;0,0;16500,0;PA;False;0,0;9985,0
Porto de Moz;2020;1216,0;15519,0;informado;16,0;0,188;Açaí;5897,0;15,0;0,0;471,0;300,0;0,0;30,0;400,0;PA;False;11,5;12762,0
Prainha;2020;4868,0;29690,0;informado;19,0;0,299;Mandioca;10800,0;6,0;0,0;654,0;2290,0;8,0;110,0;1800,0;PA;False;39,0;6099,0
Primavera;2020;591,0;1829,0;informado;6,0;0,278;Mandioca;798,0;0,0;0,0;70,0;333,0;0,0;18,0;170,0;PA;False;38,9;3095,0
Quatipuru;2020;635,0;3864,0;informado;6,0;0,527;Açaí;2240,0;0,0;0,0;115,0;70,0;0,0;0,0;450,0;PA;False;6,3;6085,0
Redenção;2020;13707,0;67953,0;informado;9,0;0,411;Mandioca;32278,0;0,0;0,0;162,0;10795,0;0,0;0,0;2750,0;PA;False;77,6;4958,0
Rio Maria;2020;1372,0;15342,0;informado;9,0;0,268;Abacaxi;11100,0;0,0;0,0;328,0;936,0;0,0;0,0;108,0;PA;False;64,9;11182,0
Rondon do Pará;2020;39374,0;189415,0;informado;10,0;0,841;Soja (em grão);181498,0;0,0;0,0;50,0;38903,0;6,0;0,0;415,0;PA;False;98,3;4811,0
Rurópolis;2020;9113,0;41424,0;informado;17,0;0,163;Banana (cacho);12782,0;20,0;0,0;2662,0;3960,0;0,0;1571,0;900,0;PA;False;31,8;4546,0
Salinópolis;2020;817,0;3433,0;informado;6,0;0,301;Mandioca;1715,0;0,0;0,0;302,0;215,0;0,0;0,0;300,0;PA;False;14,7;4202,0
Salvaterra;2020;1740,0;20660,0;informado;5,0;0,501;Abacaxi;17311,0;0,0;0,0;600,0;1100,0;0,0;0,0;40,0;PA;False;0,0;11874,0
Santa Bárbara do Pará;2020;435,0;3289,0;informado;4,0;0,391;Açaí;2315,0;0,0;0,0;200,0;55,0;0,0;0,0;180,0;PA;False;6,9;7561,0
Santa Izabel do Pará;2020;6348,0;143222,0;informado;10,0;0,632;Açaí;134329,0;0,0;0,0;5160,0;0,0;0,0;788,0;400,0;PA;False;0,0;22562,0
Santa Luzia do Pará;2020;2055,0;15971,0;informado;9,0;0,246;Mandioca;5313,0;0,0;30,0;345,0;655,0;0,0;175,0;850,0;PA;False;19,5;7772,0
Santa Maria das Barreiras;2020;94746,0;248884,0;informado;9,0;0,45;Soja (em grão);164103,0;0,0;0,0;65,0;93881,0;0,0;0,0;800,0;PA;False;94,5;2627,0
Santa Maria do Pará;2020;6270,0;32203,0;informado;8,0;0,65;Mandioca;22884,0;0,0;0,0;130,0;665,0;0,0;475,0;5000,0;PA;False;10,4;5136,0
Santana do Araguaia;2020;136945,0;328216,0;informado;10,0;0,459;Soja (em grão);242176,0;0,0;0,0;95,0;135270,0;0,0;780,0;800,0;PA;False;93,7;2397,0
Santarém;2020;37322,0;127921,0;informado;21,0;0,369;Soja (em grão);65934,0;15,0;0,0;446,0;32095,0;12,0;354,0;4400,0;PA;False;83,1;3427,0
Santarém Novo;2020;1302,0;4391,0;informado;6,0;0,326;Mandioca;2340,0;0,0;0,0;30,0;700,0;0,0;22,0;550,0;PA;False;23,0;3373,0
Santo Antônio do Tauá;2020;5110,0;37730,0;informado;11,0;0,354;Dendê (cacho de coco);9744,0;0,0;0,0;1560,0;100,0;0,0;3150,0;300,0;PA;False;1,2;7384,0
São Caetano de Odivelas;2020;988,0;6513,0;informado;10,0;0,519;Mandioca;3864,0;0,0;0,0;177,0;85,0;0,0;26,0;700,0;PA;False;2,0;6592,0
São Domingos do Araguaia;2020;3637,0;23089,0;informado;8,0;0,356;Mandioca;9912,0;0,0;0,0;615,0;1092,0;0,0;30,0;1900,0;PA;False;25,5;6348,0
São Domingos do Capim;2020;12095,0;93232,0;informado;14,0;0,388;Mandioca;46927,0;0,0;0,0;2425,0;535,0;0,0;2135,0;7000,0;PA;False;2,6;7708,0
São Félix do Xingu;2020;12989,0;123197,0;informado;11,0;0,265;Banana (cacho);44063,0;0,0;0,0;1781,0;6191,0;0,0;3600,0;1417,0;PA;False;45,2;9485,0
São Francisco do Pará;2020;5875,0;54904,0;informado;13,0;0,478;Mandioca;26070,0;50,0;0,0;465,0;600,0;0,0;760,0;4000,0;PA;False;5,1;9345,0
São Geraldo do Araguaia;2020;8466,0;54964,0;informado;9,0;0,443;Banana (cacho);27132,0;0,0;0,0;1397,0;5449,0;0,0;1020,0;600,0;PA;False;63,5;6492,0
São João da Ponta;2020;483,0;8261,0;informado;14,0;0,174;Açaí;3912,0;0,0;0,0;179,0;36,0;0,0;138,0;130,0;PA;False;3,1;17104,0
São João de Pirabas;2020;421,0;1942,0;informado;7,0;0,256;Açaí;764,0;0,0;0,0;115,0;126,0;0,0;0,0;180,0;PA;False;19,0;4613,0
São João do Araguaia;2020;1855,0;17999,0;informado;11,0;0,2;Mandioca;5709,0;0,0;0,0;472,0;833,0;0,0;0,0;550,0;PA;False;42,3;9703,0
São Miguel do Guamá;2020;7416,0;58064,0;informado;12,0;0,481;Açaí;28440,0;0,0;0,0;508,0;1400,0;0,0;508,0;5000,0;PA;False;13,5;7830,0
São Sebastião da Boa Vista;2020;5070,0;51496,0;informado;2,0;0,973;Açaí;51168,0;0,0;0,0;5000,0;0,0;0,0;0,0;70,0;PA;False;0,0;10157,0
Sapucaia;2020;708,0;3795,0;informado;4,0;0,923;Milho (em grão);3299,0;0,0;0,0;10,0;680,0;0,0;2,0;16,0;PA;False;96,0;5360,0
Senador José Porfírio;2020;6276,0;76158,0;informado;12,0;0,468;Cacau (em amêndoa);56129,0;15,0;0,0;690,0;745,0;0,0;4176,0;650,0;PA;False;9,6;12135,0
Soure;2020;125,0;371,0;informado;1,0;1,0;Coco-da-baía;371,0;0,0;0,0;125,0;0,0;0,0;0,0;0,0;PA;False;0,0;2968,0
Tailândia;2020;100035,0;461090,0;informado;15,0;0,435;Dendê (cacho de coco);310888,0;0,0;0,0;615,0;37100,0;0,0;61320,0;1000,0;PA;False;35,5;4609,0
Terra Alta;2020;469,0;6054,0;informado;12,0;0,327;Açaí;2591,0;0,0;0,0;95,0;10,0;0,0;294,0;70,0;PA;False;1,1;12908,0
Terra Santa;2020;89,0;547,0;informado;7,0;0,476;Mandioca;330,0;5,0;0,0;16,0;8,0;0,0;0,0;60,0;PA;False;9,0;6146,0
Tomé-Açu;2020;49014,0;226493,0;informado;14,0;0,548;Dendê (cacho de coco);123441,0;0,0;0,0;4014,0;1050,0;0,0;41950,0;2000,0;PA;False;1,5;4621,0
Tracuateua;2020;4947,0;33191,0;informado;13,0;0,415;Mandioca;25063,0;0,0;20,0;277,0;1990,0;0,0;40,0;2620,0;PA;False;3,0;6709,0
Trairão;2020;15025,0;80760,0;informado;18,0;0,145;Banana (cacho);31500,0;10,0;0,0;1992,0;7950,0;2,0;1663,0;3408,0;PA;False;29,3;5375,0
Tucumã;2020;6891,0;66337,0;informado;9,0;0,547;Cacau (em amêndoa);55146,0;0,0;0,0;250,0;1556,0;0,0;4950,0;135,0;PA;False;21,9;9627,0
Tucuruí;2020;58,0;740,0;informado;4,0;0,422;Mandioca;411,0;0,0;0,0;5,0;0,0;0,0;18,0;35,0;PA;False;0,0;12759,0
Ulianópolis;2020;77454,0;399652,0;informado;21,0;0,459;Soja (em grão);246362,0;14450,0;0,0;214,0;62208,0;0,0;127,0;455,0;PA;False;76,2;5160,0
Uruará;2020;23683,0;292556,0;informado;17,0;0,631;Cacau (em amêndoa);246425,0;0,0;0,0;1335,0;2690,0;50,0;18783,0;825,0;PA;False;8,6;12353,0
Vigia;2020;1045,0;6987,0;informado;8,0;0,303;Mandioca;2910,0;0,0;0,0;260,0;0,0;0,0;285,0;500,0;PA;False;0,0;6686,0
Viseu;2020;8723,0;69378,0;informado;14,0;0,347;Mandioca;37230,0;0,0;150,0;1473,0;2150,0;0,0;120,0;4830,0;PA;False;9,2;7953,0
Vitória do Xingu;2020;6568,0;77342,0;informado;15,0;0,625;Cacau (em amêndoa);62448,0;4,0;0,0;462,0;510,0;0,0;5162,0;430,0;PA;False;5,3;11776,0
Xinguara;2020;1439,0;9005,0;informado;10,0;0,361;Mandioca;4431,0;5,0;0,0;109,0;990,0;0,0;75,0;260,0;PA;False;62,9;6258,0
Abaetetuba;2021;25055,0;732072,0;informado;17,0;0,651;Açaí;672000,0;100,0;0,0;20515,0;225,0;0,0;2165,0;2050,0;PA;False;0,4;29219,0
Abel Figueiredo;2021;6219,0;51232,0;informado;12,0;0,814;Soja (em grão);47594,0;10,0;0,0;55,0;5831,0;0,0;13,0;310,0;PA;False;93,4;8238,0
Acará;2021;41569,0;532008,0;informado;13,0;0,324;Mandioca;319272,0;0,0;0,0;7099,0;150,0;0,0;16020,0;18300,0;PA;False;0,1;12798,0
Afuá;2021;163,0;1197,0;informado;2,0;0,6;Banana (cacho);610,0;0,0;0,0;45,0;0,0;0,0;0,0;118,0;PA;False;0,0;7344,0
Água Azul do Norte;2021;5678,0;31397,0;informado;10,0;0,641;Milho (em grão);18785,0;0,0;0,0;272,0;5150,0;0,0;100,0;156,0;PA;False;89,8;5530,0
Alenquer;2021;14265,0;118730,0;informado;16,0;0,347;Mandioca;77000,0;20,0;0,0;2410,0;3715,0;3,0;417,0;7700,0;PA;False;21,0;8323,0
Almeirim;2021;787,0;11731,0;informado;16,0;0,119;Abacaxi;3024,0;8,0;0,0;324,0;145,0;0,0;130,0;180,0;PA;False;12,1;14906,0
Altamira;2021;35370,0;337422,0;informado;23,0;0,273;Soja (em grão);126000,0;20,0;0,0;1568,0;28053,0;5,0;4774,0;950,0;PA;False;69,3;9540,0
Anajás;2021;4415,0;144200,0;informado;4,0;0,788;Açaí;138109,0;0,0;0,0;4055,0;0,0;0,0;0,0;360,0;PA;False;0,0;32661,0
Ananindeua;2021;38,0;368,0;informado;2,0;0,589;Açaí;249,0;0,0;0,0;38,0;0,0;0,0;0,0;0,0;PA;False;0,0;9684,0
Anapu;2021;12978,0;202319,0;informado;18,0;0,617;Cacau (em amêndoa);165066,0;0,0;0,0;1264,0;1130,0;3,0;10201,0;380,0;PA;False;6,2;15589,0
Augusto Corrêa;2021;2869,0;20239,0;informado;15,0;0,408;Mandioca;10662,0;0,0;8,0;254,0;795,0;0,0;100,0;1712,0;PA;False;5,9;7054,0
Aurora do Pará;2021;6004,0;86568,0;informado;15,0;0,213;Açaí;35688,0;0,0;0,0;1269,0;1035,0;0,0;2400,0;1300,0;PA;False;14,2;14418,0
Aveiro;2021;2398,0;15586,0;informado;19,0;0,235;Mandioca;6060,0;8,0;0,0;437,0;570,0;0,0;383,0;1000,0;PA;False;16,7;6500,0
Bagre;2021;7638,0;132621,0;informado;5,0;0,562;Açaí;118949,0;0,0;0,0;5238,0;0,0;0,0;0,0;2400,0;PA;False;0,0;17363,0
Baião;2021;12725,0;121953,0;informado;9,0;0,632;Mandioca;70606,0;0,0;0,0;725,0;250,0;0,0;1750,0;10000,0;PA;False;1,6;9584,0
Bannach;2021;50,0;347,0;informado;3,0;0,475;Mandioca;269,0;0,0;0,0;0,0;10,0;0,0;8,0;32,0;PA;False;0,0;6940,0
Barcarena;2021;14114,0;366324,0;informado;16,0;0,53;Açaí;315000,0;5,0;0,0;10477,0;362,0;0,0;1720,0;1550,0;PA;False;2,1;25955,0
Belém;2021;190,0;2304,0;informado;1,0;1,0;Açaí;2304,0;0,0;0,0;190,0;0,0;0,0;0,0;0,0;PA;False;0,0;12126,0
Belterra;2021;45519,0;225979,0;informado;17,0;0,441;Soja (em grão);143520,0;0,0;0,0;271,0;44080,0;2,0;66,0;1100,0;PA;False;93,4;4964,0
Benevides;2021;150,0;1242,0;informado;1,0;1,0;Açaí;1242,0;0,0;0,0;150,0;0,0;0,0;0,0;0,0;PA;False;0,0;8280,0
Bom Jesus do Tocantins;2021;820,0;4806,0;informado;13,0;0,292;Mandioca;1141,0;0,0;0,0;78,0;358,0;0,0;0,0;384,0;PA;False;23,8;5861,0
Bonito;2021;9740,0;88413,0;informado;8,0;0,82;Dendê (cacho de coco);78204,0;0,0;0,0;220,0;70,0;0,0;8850,0;600,0;PA;False;0,7;9077,0
Bragança;2021;6414,0;24566,0;informado;12,0;0,625;Mandioca;17554,0;0,0;0,0;259,0;1070,0;0,0;70,0;5015,0;PA;False;9,4;3830,0
Brasil Novo;2021;8747,0;114748,0;informado;16,0;0,769;Cacau (em amêndoa);101220,0;2,0;0,0;559,0;328,0;0,0;7668,0;190,0;PA;False;3,4;13119,0
Brejo Grande do Araguaia;2021;1505,0;13334,0;informado;8,0;0,346;Banana (cacho);7066,0;0,0;0,0;220,0;1225,0;0,0;0,0;60,0;PA;False;79,7;8860,0
Breu Branco;2021;1159,0;22937,0;informado;10,0;0,288;Pimenta-do-reino;14400,0;0,0;0,0;237,0;0,0;0,0;502,0;420,0;PA;False;0,0;19790,0
Breves;2021;2783,0;53389,0;informado;5,0;0,703;Açaí;49415,0;0,0;0,0;2399,0;0,0;0,0;0,0;384,0;PA;False;0,0;19184,0
Bujaru;2021;8677,0;242854,0;informado;11,0;0,53;Açaí;204882,0;0,0;0,0;6647,0;290,0;0,0;740,0;1000,0;PA;False;1,4;27988,0
Cachoeira do Piriá;2021;3527,0;29845,0;informado;14,0;0,215;Açaí;11570,0;0,0;180,0;962,0;1030,0;0,0;135,0;1220,0;PA;False;18,4;8462,0
Cachoeira do Arari;2021;6550,0;44360,0;informado;4,0;0,741;Arroz (em casca);33750,0;0,0;0,0;750,0;5600,0;0,0;0,0;200,0;PA;False;0,0;6773,0
Cametá;2021;44830,0;744326,0;informado;14,0;0,493;Açaí;626880,0;0,0;0,0;30124,0;694,0;0,0;7012,0;7000,0;PA;False;0,6;16603,0
Canaã dos Carajás;2021;7417,0;54768,0;informado;9,0;0,705;Milho (em grão);27653,0;0,0;0,0;823,0;6314,0;0,0;0,0;280,0;PA;False;83,3;7384,0
Capanema;2021;7504,0;75994,0;informado;11,0;0,451;Mandioca;57602,0;0,0;0,0;421,0;2403,0;0,0;80,0;4600,0;PA;False;5,3;10127,0
Capitão Poço;2021;19805,0;173589,0;informado;12,0;0,323;Laranja;70400,0;0,0;100,0;12455,0;3050,0;0,0;1100,0;3100,0;PA;False;7,6;8765,0
Castanhal;2021;7925,0;110549,0;informado;13,0;0,309;Açaí;39654,0;0,0;0,0;1420,0;800,0;0,0;1605,0;4100,0;PA;False;5,0;13949,0
Chaves;2021;105,0;393,0;informado;1,0;1,0;Mandioca;393,0;0,0;0,0;0,0;0,0;0,0;0,0;105,0;PA;False;0,0;3743,0
Colares;2021;415,0;3240,0;informado;7,0;0,84;Mandioca;3040,0;0,0;0,0;20,0;15,0;0,0;0,0;380,0;PA;False;2,4;7807,0
Conceição do Araguaia;2021;9860,0;96984,0;informado;9,0;0,544;Abacaxi;51000,0;0,0;0,0;1365,0;8095,0;0,0;0,0;400,0;PA;False;80,2;9836,0
Concórdia do Pará;2021;24534,0;161965,0;informado;14,0;0,582;Dendê (cacho de coco);66135,0;0,0;0,0;2395,0;119,0;0,0;19420,0;2600,0;PA;False;0,2;6602,0
Cumaru do Norte;2021;24283,0;94807,0;informado;13,0;0,436;Soja (em grão);40838,0;0,0;0,0;353,0;23420,0;0,0;60,0;450,0;PA;False;93,2;3904,0
Curionópolis;2021;3378,0;26335,0;informado;6,0;0,648;Milho (em grão);11790,0;0,0;0,0;280,0;2678,0;0,0;0,0;420,0;PA;False;79,3;7796,0
Curralinho;2021;2231,0;46275,0;informado;5,0;0,634;Açaí;43338,0;6,0;0,0;1712,0;0,0;0,0;0,0;513,0;PA;False;0,0;20742,0
Curuá;2021;717,0;10779,0;informado;10,0;0,399;Açaí;7740,0;0,0;0,0;555,0;79,0;0,0;3,0;80,0;PA;False;7,8;15033,0
Curuçá;2021;1435,0;18850,0;informado;13,0;0,342;Mandioca;7139,0;0,0;0,0;340,0;40,0;0,0;255,0;800,0;PA;False;1,4;13136,0
Dom Eliseu;2021;112937,0;960214,0;informado;17,0;0,812;Soja (em grão);910566,0;0,0;0,0;404,0;112253,0;6,0;64,0;210,0;PA;False;94,5;8502,0
Eldorado do Carajás;2021;2650,0;24341,0;informado;13,0;0,427;Mandioca;8730,0;0,0;0,0;340,0;1740,0;0,0;120,0;450,0;PA;False;62,2;9185,0
Faro;2021;254,0;1340,0;informado;10,0;0,627;Mandioca;900,0;5,0;0,0;41,0;8,0;0,0;0,0;200,0;PA;False;2,4;5276,0
Floresta do Araguaia;2021;20294,0;610738,0;informado;9,0;0,409;Abacaxi;544811,0;0,0;0,0;10245,0;8969,0;0,0;0,0;1080,0;PA;False;43,7;30095,0
Garrafão do Norte;2021;7175,0;60103,0;informado;11,0;0,202;Pimenta-do-reino;25216,0;0,0;20,0;845,0;1860,0;0,0;2350,0;2100,0;PA;False;17,4;8377,0
Goianésia do Pará;2021;523,0;7294,0;informado;10,0;0,213;Açaí;2009,0;0,0;0,0;213,0;0,0;0,0;160,0;150,0;PA;False;0,0;13946,0
Gurupá;2021;1077,0;18113,0;informado;13,0;0,233;Açaí;8512,0;4,0;0,0;480,0;168,0;0,0;105,0;320,0;PA;False;2,8;16818,0
Igarapé-Açu;2021;10110,0;128799,0;informado;17,0;0,407;Pimenta-do-reino;42192,0;15,0;0,0;1305,0;210,0;0,0;7480,0;1100,0;PA;False;1,3;12740,0
Igarapé-Miri;2021;54814,0;1649571,0;informado;14,0;0,901;Açaí;1618739,0;10,0;0,0;52200,0;72,0;0,0;502,0;2030,0;PA;False;0,1;30094,0
Inhangapi;2021;4072,0;64025,0;informado;15,0;0,34;Açaí;42996,0;0,0;0,0;2182,0;25,0;0,0;365,0;1500,0;PA;False;0,2;15723,0
Ipixuna do Pará;2021;14337,0;95944,0;informado;16,0;0,293;Soja (em grão);60315,0;0,0;0,0;317,0;11235,0;0,0;475,0;2310,0;PA;False;67,0;6692,0
Irituia;2021;5564,0;49455,0;informado;12,0;0,278;Dendê (cacho de coco);17555,0;0,0;60,0;867,0;800,0;0,0;2637,0;1200,0;PA;False;9,0;8888,0
Itaituba;2021;4537,0;54019,0;informado;20,0;0,238;Banana (cacho);35280,0;10,0;0,0;2115,0;895,0;5,0;502,0;1010,0;PA;False;9,9;11906,0
Itupiranga;2021;8295,0;102907,0;informado;11,0;0,381;Mandioca;69222,0;0,0;0,0;890,0;3725,0;0,0;110,0;3570,0;PA;False;43,6;12406,0
Jacareacanga;2021;3168,0;24283,0;informado;12,0;0,442;Mandioca;13500,0;10,0;0,0;324,0;822,0;0,0;12,0;2000,0;PA;False;2,7;7665,0
Jacundá;2021;52,0;1094,0;informado;2,0;0,589;Mandioca;614,0;0,0;0,0;15,0;0,0;0,0;0,0;37,0;PA;False;0,0;21038,0
Juruti;2021;18271,0;110711,0;informado;14,0;0,971;Mandioca;108000,0;7,0;95,0;136,0;33,0;0,0;0,0;18000,0;PA;False;0,1;6059,0
Limoeiro do Ajuru;2021;7317,0;186884,0;informado;10,0;0,83;Açaí;182383,0;0,0;0,0;6689,0;90,0;0,0;83,0;455,0;PA;False;0,2;25541,0
Mãe do Rio;2021;2329,0;15514,0;informado;12,0;0,207;Mandioca;4156,0;0,0;0,0;229,0;900,0;0,0;600,0;600,0;PA;False;25,8;6661,0
Magalhães Barata;2021;1160,0;7061,0;informado;9,0;0,747;Mandioca;5344,0;0,0;0,0;80,0;70,0;0,0;10,0;1000,0;PA;False;2,6;6087,0
Marabá;2021;14439,0;131742,0;informado;14,0;0,4;Mandioca;62199,0;0,0;0,0;1049,0;8190,0;0,0;0,0;5200,0;PA;False;55,3;9124,0
Maracanã;2021;2439,0;25101,0;informado;17,0;0,214;Pimenta-do-reino;6754,0;0,0;0,0;425,0;490,0;0,0;524,0;1000,0;PA;False;10,3;10292,0
Marapanim;2021;994,0;10538,0;informado;14,0;0,359;Mandioca;3624,0;0,0;0,0;219,0;100,0;0,0;95,0;580,0;PA;False;4,0;10602,0
Marituba;2021;;;indisponivel;;;;;0,0;0,0;0,0;0,0;0,0;0,0;0,0;PA;False;;
Medicilândia;2021;56982,0;1018889,0;informado;18,0;0,635;Cacau (em amêndoa);811493,0;0,0;0,0;10701,0;1810,0;15,0;44186,0;270,0;PA;False;3,0;17881,0
Melgaço;2021;3442,0;22629,0;informado;5,0;0,751;Açaí;19481,0;0,0;0,0;2986,0;0,0;0,0;11,0;445,0;PA;False;0,0;6574,0
Mocajuba;2021;21167,0;101578,0;informado;9,0;0,29;Mandioca;43313,0;0,0;0,0;798,0;11500,0;0,0;1369,0;7500,0;PA;False;18,9;4799,0
Moju;2021;42660,0;519480,0;informado;17,0;0,312;Dendê (cacho de coco);142086,0;0,0;0,0;13980,0;930,0;0,0;21350,0;6400,0;PA;False;1,9;12177,0
Mojuí dos Campos;2021;88359,0;439376,0;informado;19,0;0,466;Soja (em grão);272320,0;4,0;0,0;400,0;86625,0;0,0;130,0;1200,0;PA;False;96,2;4973,0
Monte Alegre;2021;20556,0;105415,0;informado;21,0;0,302;Mandioca;42300,0;15,0;0,0;3366,0;10788,0;40,0;347,0;6000,0;PA;False;43,8;5128,0
Muaná;2021;1840,0;21063,0;informado;3,0;0,906;Açaí;20003,0;0,0;0,0;1790,0;0,0;0,0;0,0;50,0;PA;False;0,0;11447,0
Nova Esperança do Piriá;2021;9893,0;92875,0;informado;10,0;0,384;Mandioca;63000,0;0,0;150,0;570,0;5223,0;0,0;450,0;3500,0;PA;False;50,5;9388,0
Nova Ipixuna;2021;1076,0;9906,0;informado;9,0;0,386;Mandioca;4149,0;0,0;0,0;147,0;642,0;0,0;7,0;280,0;PA;False;55,8;9206,0
Nova Timboteua;2021;1997,0;17779,0;informado;8,0;0,297;Mandioca;7500,0;0,0;0,0;217,0;360,0;0,0;420,0;1000,0;PA;False;8,0;8903,0
Novo Progresso;2021;27244,0;93483,0;informado;19,0;0,567;Soja (em grão);62700,0;5,0;0,0;219,0;26009,0;0,0;11,0;1000,0;PA;False;88,1;3431,0
Novo Repartimento;2021;6890,0;56130,0;informado;8,0;0,456;Cacau (em amêndoa);27840,0;0,0;0,0;2038,0;180,0;0,0;4172,0;500,0;PA;False;0,0;8147,0
Óbidos;2021;20542,0;125147,0;informado;15,0;0,948;Mandioca;120000,0;12,0;0,0;387,0;139,0;0,0;4,0;20000,0;PA;False;0,5;6092,0
Oeiras do Pará;2021;7926,0;161230,0;informado;8,0;0,416;Açaí;127936,0;0,0;0,0;3527,0;259,0;0,0;340,0;3800,0;PA;False;1,1;20342,0
Oriximiná;2021;15512,0;111897,0;informado;13,0;0,935;Mandioca;104400,0;4,0;0,0;234,0;274,0;0,0;0,0;15000,0;PA;False;0,9;7214,0
Ourém;2021;1735,0;11020,0;informado;8,0;0,285;Laranja;4212,0;0,0;10,0;795,0;300,0;0,0;80,0;550,0;PA;False;11,5;6352,0
Ourilândia do Norte;2021;1685,0;21956,0;informado;10,0;0,357;Cacau (em amêndoa);10153,0;0,0;0,0;227,0;358,0;0,0;930,0;170,0;PA;False;18,1;13030,0
Pacajá;2021;12024,0;129878,0;informado;18,0;0,289;Cacau (em amêndoa);48735,0;10,0;0,0;1164,0;2513,0;0,0;5927,0;2410,0;PA;False;13,4;10802,0
Palestina do Pará;2021;800,0;7225,0;informado;4,0;0,458;Banana (cacho);3600,0;0,0;0,0;120,0;550,0;0,0;0,0;130,0;PA;False;63,7;9031,0
Paragominas;2021;206094,0;1709339,0;informado;17,0;0,765;Soja (em grão);1611209,0;0,0;0,0;477,0;203770,0;0,0;598,0;1249,0;PA;False;93,3;8294,0
Parauapebas;2021;9765,0;151694,0;informado;16,0;0,2;Mandioca;73880,0;0,0;0,0;2400,0;4340,0;75,0;120,0;2830,0;PA;False;34,8;15534,0
Pau D'Arco;2021;879,0;11306,0;informado;2,0;0,5;Mandioca;9889,0;0,0;0,0;0,0;449,0;0,0;0,0;430,0;PA;False;51,1;12862,0
Peixe-Boi;2021;1536,0;11136,0;informado;10,0;0,299;Mandioca;4722,0;0,0;8,0;318,0;450,0;0,0;60,0;700,0;PA;False;22,8;7250,0
Piçarra;2021;4770,0;29311,0;informado;6,0;0,597;Milho (em grão);15600,0;0,0;0,0;85,0;3535,0;0,0;0,0;1150,0;PA;False;73,4;6145,0
Placas;2021;17397,0;107563,0;informado;15,0;0,521;Cacau (em amêndoa);70000,0;20,0;0,0;1594,0;2310,0;0,0;12873,0;600,0;PA;False;11,7;6183,0
Ponta de Pedras;2021;3365,0;45064,0;informado;3,0;0,962;Açaí;44664,0;0,0;0,0;3335,0;0,0;0,0;0,0;30,0;PA;False;0,0;13392,0
Portel;2021;21318,0;212775,0;informado;4,0;0,783;Mandioca;141209,0;0,0;0,0;2638,0;0,0;0,0;0,0;18680,0;PA;False;0,0;9981,0
Porto de Moz;2021;1216,0;18414,0;informado;16,0;0,188;Mandioca;9000,0;15,0;0,0;471,0;300,0;0,0;30,0;400,0;PA;False;11,5;15143,0
Prainha;2021;4868,0;55398,0;informado;19,0;0,299;Mandioca;35100,0;6,0;0,0;654,0;2290,0;8,0;110,0;1800,0;PA;False;39,0;11380,0
Primavera;2021;591,0;2126,0;informado;6,0;0,278;Mandioca;1020,0;0,0;0,0;70,0;333,0;0,0;18,0;170,0;PA;False;38,9;3597,0
Quatipuru;2021;635,0;4684,0;informado;6,0;0,527;Açaí;2240,0;0,0;0,0;115,0;70,0;0,0;0,0;450,0;PA;False;6,3;7376,0
Redenção;2021;15040,0;99537,0;informado;9,0;0,441;Soja (em grão);43483,0;0,0;0,0;182,0;12108,0;0,0;0,0;2750,0;PA;False;79,4;6618,0
Rio Maria;2021;1402,0;18922,0;informado;8,0;0,273;Abacaxi;13273,0;0,0;0,0;374,0;920,0;0,0;0,0;108,0;PA;False;63,5;13496,0
Rondon do Pará;2021;50447,0;430242,0;informado;10,0;0,871;Soja (em grão);415431,0;0,0;0,0;55,0;49963,0;6,0;0,0;423,0;PA;False;98,6;8529,0
Rurópolis;2021;9048,0;43007,0;informado;17,0;0,165;Banana (cacho);12782,0;15,0;0,0;2657,0;3960,0;0,0;1516,0;900,0;PA;False;32,1;4753,0
Salinópolis;2021;827,0;3966,0;informado;6,0;0,295;Coco-da-baía;1870,0;0,0;0,0;302,0;225,0;0,0;0,0;300,0;PA;False;14,5;4796,0
Salvaterra;2021;1740,0;24830,0;informado;5,0;0,501;Abacaxi;19257,0;0,0;0,0;600,0;1100,0;0,0;0,0;40,0;PA;False;0,0;14270,0
Santa Bárbara do Pará;2021;435,0;5281,0;informado;4,0;0,391;Açaí;2848,0;0,0;0,0;200,0;55,0;0,0;0,0;180,0;PA;False;6,9;12140,0
Santa Izabel do Pará;2021;6348,0;132681,0;informado;10,0;0,632;Açaí;114884,0;0,0;0,0;5160,0;0,0;0,0;788,0;400,0;PA;False;0,0;20901,0
Santa Luzia do Pará;2021;2190,0;19166,0;informado;9,0;0,222;Banana (cacho);7590,0;0,0;80,0;415,0;670,0;0,0;175,0;850,0;PA;False;18,3;8752,0
Santa Maria das Barreiras;2021;96677,0;591787,0;informado;10,0;0,479;Soja (em grão);425010,0;0,0;0,0;70,0;95807,0;0,0;0,0;800,0;PA;False;94,6;6121,0
Santa Maria do Pará;2021;6740,0;52944,0;informado;8,0;0,574;Mandioca;40188,0;0,0;0,0;135,0;730,0;0,0;875,0;5000,0;PA;False;10,4;7855,0
Santana do Araguaia;2021;171175,0;832501,0;informado;10,0;0,496;Soja (em grão);627619,0;0,0;0,0;95,0;169500,0;0,0;780,0;800,0;PA;False;94,9;4863,0
Santarém;2021;64391,0;296614,0;informado;21,0;0,399;Soja (em grão);163008,0;15,0;0,0;465,0;59145,0;12,0;354,0;4400,0;PA;False;88,5;4606,0
Santarém Novo;2021;1402,0;4948,0;informado;6,0;0,317;Mandioca;2640,0;0,0;0,0;30,0;800,0;0,0;22,0;550,0;PA;False;28,5;3529,0
Santo Antônio do Tauá;2021;5110,0;52403,0;informado;11,0;0,354;Dendê (cacho de coco);14210,0;0,0;0,0;1560,0;100,0;0,0;3150,0;300,0;PA;False;1,2;10255,0
São Caetano de Odivelas;2021;988,0;12965,0;informado;10,0;0,519;Mandioca;9240,0;0,0;0,0;177,0;85,0;0,0;26,0;700,0;PA;False;2,0;13122,0
São Domingos do Araguaia;2021;3637,0;33998,0;informado;8,0;0,356;Mandioca;15960,0;0,0;0,0;615,0;1092,0;0,0;30,0;1900,0;PA;False;25,5;9348,0
São Domingos do Capim;2021;14810,0;131697,0;informado;14,0;0,414;Mandioca;60386,0;0,0;0,0;2425,0;700,0;0,0;2685,0;9000,0;PA;False;2,4;8892,0
São Félix do Xingu;2021;18553,0;201861,0;informado;10,0;0,274;Milho (em grão);53707,0;0,0;0,0;1821,0;11353,0;0,0;3962,0;1417,0;PA;False;60,0;10880,0
São Francisco do Pará;2021;5925,0;53812,0;informado;13,0;0,471;Mandioca;26838,0;50,0;0,0;465,0;600,0;0,0;810,0;4000,0;PA;False;5,1;9082,0
São Geraldo do Araguaia;2021;8450,0;72078,0;informado;9,0;0,514;Milho (em grão);31152,0;0,0;0,0;817,0;5973,0;0,0;1060,0;600,0;PA;False;69,8;8530,0
São João da Ponta;2021;499,0;7259,0;informado;14,0;0,165;Açaí;2309,0;0,0;0,0;181,0;50,0;0,0;138,0;130,0;PA;False;4,0;14547,0
São João de Pirabas;2021;421,0;2225,0;informado;7,0;0,256;Mandioca;918,0;0,0;0,0;115,0;126,0;0,0;0,0;180,0;PA;False;19,0;5285,0
São João do Araguaia;2021;1855,0;21767,0;informado;11,0;0,2;Banana (cacho);7500,0;0,0;0,0;472,0;833,0;0,0;0,0;550,0;PA;False;42,3;11734,0
São Miguel do Guamá;2021;6598,0;53108,0;informado;12,0;0,404;Mandioca;26889,0;0,0;0,0;540,0;1500,0;0,0;558,0;4000,0;PA;False;15,2;8049,0
São Sebastião da Boa Vista;2021;5070,0;47880,0;informado;2,0;0,973;Açaí;47408,0;0,0;0,0;5000,0;0,0;0,0;0,0;70,0;PA;False;0,0;9444,0
Sapucaia;2021;632,0;3452,0;informado;4,0;0,903;Milho (em grão);2834,0;0,0;0,0;10,0;600,0;0,0;2,0;20,0;PA;False;94,9;5462,0
Senador José Porfírio;2021;6690,0;98830,0;informado;12,0;0,526;Cacau (em amêndoa);73636,0;15,0;0,0;815,0;745,0;0,0;4765,0;350,0;PA;False;9,0;14773,0
Soure;2021;125,0;330,0;informado;1,0;1,0;Coco-da-baía;330,0;0,0;0,0;125,0;0,0;0,0;0,0;0,0;PA;False;0,0;2640,0
Tailândia;2021;100035,0;501419,0;informado;15,0;0,435;Dendê (cacho de coco);320309,0;0,0;0,0;615,0;37100,0;0,0;61320,0;1000,0;PA;False;35,5;5012,0
Terra Alta;2021;569,0;6773,0;informado;12,0;0,408;Dendê (cacho de coco);2698,0;0,0;0,0;95,0;10,0;0,0;394,0;70,0;PA;False;0,9;11903,0
Terra Santa;2021;89,0;588,0;informado;7,0;0,477;Mandioca;360,0;5,0;0,0;16,0;8,0;0,0;0,0;60,0;PA;False;9,0;6607,0
Tomé-Açu;2021;49014,0;347554,0;informado;14,0;0,548;Dendê (cacho de coco);187845,0;0,0;0,0;4014,0;1050,0;0,0;41950,0;2000,0;PA;False;1,5;7091,0
Tracuateua;2021;5426,0;32260,0;informado;14,0;0,45;Mandioca;20312,0;0,0;10,0;251,0;2100,0;0,0;30,0;3035,0;PA;False;1,7;5945,0
Trairão;2021;15033,0;74090,0;informado;18,0;0,145;Banana (cacho);31500,0;10,0;0,0;2002,0;7950,0;2,0;1661,0;3408,0;PA;False;29,3;4928,0
Tucumã;2021;7755,0;103518,0;informado;9,0;0,57;Cacau (em amêndoa);85376,0;0,0;0,0;250,0;1664,0;0,0;5711,0;130,0;PA;False;20,9;13349,0
Tucuruí;2021;58,0;740,0;informado;4,0;0,422;Mandioca;411,0;0,0;0,0;5,0;0,0;0,0;18,0;35,0;PA;False;0,0;12759,0
Ulianópolis;2021;79685,0;640959,0;informado;21,0;0,463;Soja (em grão);461547,0;14460,0;0,0;216,0;64426,0;0,0;131,0;452,0;PA;False;76,7;8044,0
Uruará;2021;22626,0;268942,0;informado;17,0;0,596;Cacau (em amêndoa);213750,0;0,0;0,0;1436,0;2910,0;50,0;17405,0;825,0;PA;False;9,0;11886,0
Vigia;2021;1045,0;11962,0;informado;8,0;0,303;Mandioca;6600,0;0,0;0,0;260,0;0,0;0,0;285,0;500,0;PA;False;0,0;11447,0
Viseu;2021;8790,0;65253,0;informado;14,0;0,314;Mandioca;25440,0;0,0;150,0;1270,0;2700,0;0,0;140,0;4530,0;PA;False;9,1;7424,0
Vitória do Xingu;2021;6432,0;71228,0;informado;15,0;0,677;Cacau (em amêndoa);54833,0;4,0;0,0;519,0;400,0;0,0;5279,0;230,0;PA;False;4,7;11074,0
Xinguara;2021;1408,0;11189,0;informado;10,0;0,372;Milho (em grão);4373,0;3,0;0,0;95,0;990,0;0,0;70,0;250,0;PA;False;64,3;7947,0
Abaetetuba;2022;25095,0;555122,0;informado;18,0;0,649;Açaí;504000,0;100,0;0,0;20515,0;225,0;0,0;2205,0;2050,0;PA;False;0,4;22121,0
Abel Figueiredo;2022;6224,0;58572,0;informado;12,0;0,813;Soja (em grão);51820,0;11,0;0,0;59,0;5831,0;0,0;13,0;310,0;PA;False;93,3;9411,0
Acará;2022;41569,0;446787,0;informado;13,0;0,324;Mandioca;252625,0;0,0;0,0;7099,0;150,0;0,0;16020,0;18300,0;PA;False;0,1;10748,0
Afuá;2022;140,0;2320,0;informado;2,0;0,592;Banana (cacho);1495,0;0,0;0,0;40,0;0,0;0,0;0,0;100,0;PA;False;0,0;16571,0
Água Azul do Norte;2022;6342,0;30438,0;informado;10,0;0,683;Milho (em grão);18304,0;0,0;0,0;233,0;5853,0;0,0;100,0;156,0;PA;False;91,5;4799,0
Alenquer;2022;14599,0;177780,0;informado;16,0;0,333;Mandioca;106791,0;20,0;0,0;2597,0;3690,0;3,0;589,0;7700,0;PA;False;20,5;12178,0
Almeirim;2022;711,0;10924,0;informado;15,0;0,134;Mandioca;2592,0;8,0;0,0;295,0;125,0;0,0;103,0;180,0;PA;False;10,5;15364,0
Altamira;2022;36284,0;237316,0;informado;22,0;0,267;Cacau (em amêndoa);64273,0;20,0;0,0;1563,0;28053,0;5,0;5693,0;950,0;PA;False;67,5;6541,0
Anajás;2022;5806,0;211345,0;informado;4,0;0,899;Açaí;205995,0;0,0;0,0;5686,0;0,0;0,0;0,0;120,0;PA;False;0,0;36401,0
Ananindeua;2022;38,0;718,0;informado;2,0;0,589;Açaí;514,0;0,0;0,0;38,0;0,0;0,0;0,0;0,0;PA;False;0,0;18895,0
Anapu;2022;13572,0;211170,0;informado;18,0;0,569;Cacau (em amêndoa);162988,0;0,0;0,0;1471,0;1370,0;3,0;10198,0;530,0;PA;False;7,4;15559,0
Augusto Corrêa;2022;2433,0;19970,0;informado;15,0;0,464;Mandioca;11214,0;0,0;30,0;296,0;395,0;0,0;100,0;1612,0;PA;False;2,9;8208,0
Aurora do Pará;2022;7978,0;118777,0;informado;15,0;0,293;Dendê (cacho de coco);41610,0;0,0;0,0;1298,0;1035,0;0,0;4345,0;1300,0;PA;False;10,7;14888,0
Aveiro;2022;1984,0;13735,0;informado;18,0;0,231;Mandioca;5040,0;8,0;0,0;430,0;235,0;0,0;611,0;700,0;PA;False;5,0;6923,0
Bagre;2022;8501,0;249010,0;informado;5,0;0,889;Açaí;246901,0;0,0;0,0;8011,0;0,0;0,0;0,0;490,0;PA;False;0,0;29292,0
Baião;2022;14190,0;205616,0;informado;9,0;0,519;Mandioca;130000,0;0,0;0,0;1240,0;900,0;0,0;2050,0;10000,0;PA;False;5,6;14490,0
Bannach;2022;50,0;399,0;informado;3,0;0,475;Mandioca;289,0;0,0;0,0;0,0;10,0;0,0;8,0;32,0;PA;False;0,0;7980,0
Barcarena;2022;14114,0;379473,0;informado;16,0;0,53;Açaí;336000,0;5,0;0,0;10477,0;362,0;0,0;1720,0;1550,0;PA;False;2,1;26886,0
Belém;2022;190,0;1246,0;informado;1,0;1,0;Açaí;1246,0;0,0;0,0;190,0;0,0;0,0;0,0;0,0;PA;False;0,0;6558,0
Belterra;2022;58314,0;425760,0;informado;18,0;0,463;Soja (em grão);290499,0;0,0;0,0;241,0;56880,0;2,0;91,0;1100,0;PA;False;95,9;7301,0
Benevides;2022;150,0;2430,0;informado;1,0;1,0;Açaí;2430,0;0,0;0,0;150,0;0,0;0,0;0,0;0,0;PA;False;0,0;16200,0
Bom Jesus do Tocantins;2022;822,0;8079,0;informado;13,0;0,291;Mandioca;4094,0;0,0;0,0;80,0;358,0;0,0;0,0;384,0;PA;False;23,7;9828,0
Bonito;2022;10215,0;177700,0;informado;8,0;0,752;Dendê (cacho de coco);163970,0;0,0;0,0;305,0;60,0;0,0;8850,0;1000,0;PA;False;0,6;17396,0
Bragança;2022;5969,0;51684,0;informado;12,0;0,589;Mandioca;44238,0;0,0;0,0;269,0;1115,0;0,0;70,0;4515,0;PA;False;10,8;8659,0
Brasil Novo;2022;8396,0;117737,0;informado;17,0;0,753;Cacau (em amêndoa);101283,0;2,0;0,0;557,0;371,0;0,0;7276,0;190,0;PA;False;4,2;14023,0
Brejo Grande do Araguaia;2022;1505,0;16594,0;informado;8,0;0,346;Banana (cacho);8778,0;0,0;0,0;220,0;1225,0;0,0;0,0;60,0;PA;False;79,7;11026,0
Breu Branco;2022;1129,0;24208,0;informado;10,0;0,284;Pimenta-do-reino;14136,0;0,0;0,0;237,0;0,0;0,0;502,0;390,0;PA;False;0,0;21442,0
Breves;2022;3136,0;66377,0;informado;5,0;0,687;Açaí;61094,0;0,0;0,0;2698,0;0,0;0,0;0,0;438,0;PA;False;0,0;21166,0
Bujaru;2022;8677,0;258667,0;informado;11,0;0,53;Açaí;218166,0;0,0;0,0;6647,0;290,0;0,0;740,0;1000,0;PA;False;1,4;29811,0
Cachoeira do Piriá;2022;3098,0;28071,0;informado;12,0;0,231;Mandioca;9701,0;0,0;180,0;758,0;800,0;0,0;140,0;1220,0;PA;False;16,8;9061,0
Cachoeira do Arari;2022;9880,0;56775,0;informado;4,0;0,833;Arroz (em casca);43200,0;0,0;0,0;750,0;9000,0;0,0;0,0;130,0;PA;False;0,0;5746,0
Cametá;2022;44855,0;772596,0;informado;14,0;0,492;Açaí;666781,0;0,0;0,0;30124,0;694,0;0,0;7037,0;7000,0;PA;False;0,6;17224,0
Canaã dos Carajás;2022;4847,0;55598,0;informado;11,0;0,693;Milho (em grão);28800,0;0,0;0,0;684,0;4008,0;0,0;35,0;120,0;PA;False;82,5;11471,0
Capanema;2022;8311,0;52681,0;informado;10,0;0,439;Mandioca;35300,0;0,0;0,0;311,0;3300,0;0,0;100,0;4600,0;PA;False;3,6;6339,0
Capitão Poço;2022;19805,0;232808,0;informado;12,0;0,323;Laranja;110798,0;0,0;100,0;12455,0;3050,0;0,0;1100,0;3100,0;PA;False;7,6;11755,0
Castanhal;2022;12354,0;223712,0;informado;13,0;0,451;Mandioca;146061,0;0,0;0,0;1620,0;800,0;0,0;1834,0;8100,0;PA;False;3,2;18108,0
Chaves;2022;70,0;614,0;informado;1,0;1,0;Mandioca;614,0;0,0;0,0;0,0;0,0;0,0;0,0;70,0;PA;False;0,0;8771,0
Colares;2022;415,0;4199,0;informado;7,0;0,84;Mandioca;3952,0;0,0;0,0;20,0;15,0;0,0;0,0;380,0;PA;False;2,4;10118,0
Conceição do Araguaia;2022;10401,0;83336,0;informado;9,0;0,54;Soja (em grão);45397,0;0,0;0,0;1485,0;8516,0;0,0;0,0;400,0;PA;False;80,1;8012,0
Concórdia do Pará;2022;24534,0;189270,0;informado;14,0;0,582;Dendê (cacho de coco);68305,0;0,0;0,0;2395,0;119,0;0,0;19420,0;2600,0;PA;False;0,2;7715,0
Cumaru do Norte;2022;19264,0;136335,0;informado;13,0;0,464;Soja (em grão);98893,0;0,0;0,0;353,0;18401,0;0,0;60,0;450,0;PA;False;91,4;7077,0
Curionópolis;2022;3378,0;33356,0;informado;6,0;0,648;Milho (em grão);12482,0;0,0;0,0;280,0;2678,0;0,0;0,0;420,0;PA;False;79,3;9874,0
Curralinho;2022;2513,0;89406,0;informado;5,0;0,724;Açaí;87005,0;3,0;0,0;2110,0;0,0;0,0;0,0;400,0;PA;False;0,0;35577,0
Curuá;2022;711,0;12683,0;informado;10,0;0,405;Açaí;10428,0;0,0;0,0;553,0;75,0;0,0;3,0;80,0;PA;False;7,9;17838,0
Curuçá;2022;1604,0;28761,0;informado;13,0;0,289;Mandioca;14049,0;0,0;0,0;438,0;40,0;0,0;326,0;800,0;PA;False;1,2;17931,0
Dom Eliseu;2022;158242,0;1303073,0;informado;17,0;0,627;Soja (em grão);1136899,0;0,0;0,0;397,0;157588,0;8,0;69,0;180,0;PA;False;96,0;8235,0
Eldorado do Carajás;2022;2650,0;32490,0;informado;13,0;0,427;Mandioca;14123,0;0,0;0,0;340,0;1740,0;0,0;120,0;450,0;PA;False;62,2;12260,0
Faro;2022;253,0;1402,0;informado;10,0;0,632;Mandioca;960,0;3,0;0,0;42,0;8,0;0,0;0,0;200,0;PA;False;2,4;5542,0
Floresta do Araguaia;2022;20737,0;479518,0;informado;9,0;0,408;Abacaxi;387810,0;0,0;0,0;10245,0;9412,0;0,0;0,0;1080,0;PA;False;44,9;23124,0
Garrafão do Norte;2022;8360,0;91953,0;informado;11,0;0,194;Dendê (cacho de coco);28402,0;0,0;20,0;1827,0;1412,0;0,0;3001,0;2100,0;PA;False;9,6;10999,0
Goianésia do Pará;2022;523,0;8317,0;informado;10,0;0,213;Açaí;2999,0;0,0;0,0;213,0;0,0;0,0;160,0;150,0;PA;False;0,0;15902,0
Gurupá;2022;1077,0;20419,0;informado;13,0;0,233;Açaí;10640,0;4,0;0,0;480,0;168,0;0,0;105,0;320,0;PA;False;2,8;18959,0
Igarapé-Açu;2022;9252,0;166423,0;informado;17,0;0,311;Dendê (cacho de coco);54221,0;15,0;0,0;1585,0;210,0;0,0;6342,0;1100,0;PA;False;1,4;17988,0
Igarapé-Miri;2022;54814,0;1628613,0;informado;14,0;0,901;Açaí;1598584,0;10,0;0,0;52200,0;72,0;0,0;502,0;2030,0;PA;False;0,1;29712,0
Inhangapi;2022;5193,0;129025,0;informado;16,0;0,358;Açaí;85213,0;0,0;0,0;3014,0;25,0;0,0;454,0;1700,0;PA;False;0,2;24846,0
Ipixuna do Pará;2022;16363,0;126134,0;informado;16,0;0,34;Soja (em grão);80771,0;0,0;0,0;322,0;13240,0;0,0;491,0;2310,0;PA;False;70,9;7708,0
Irituia;2022;4208,0;51328,0;informado;12,0;0,183;Mandioca;14414,0;0,0;60,0;1027,0;800,0;0,0;1121,0;1200,0;PA;False;11,9;12198,0
Itaituba;2022;4128,0;53086,0;informado;20,0;0,186;Mandioca;22000,0;10,0;0,0;1316,0;1285,0;5,0;502,0;1010,0;PA;False;20,6;12860,0
Itupiranga;2022;8300,0;111226,0;informado;10,0;0,381;Mandioca;71400,0;0,0;0,0;905,0;3725,0;0,0;100,0;3570,0;PA;False;43,6;13401,0
Jacareacanga;2022;3168,0;32268,0;informado;12,0;0,442;Mandioca;17550,0;10,0;0,0;324,0;822,0;0,0;12,0;2000,0;PA;False;2,7;10186,0
Jacundá;2022;52,0;1195,0;informado;2,0;0,589;Açaí;645,0;0,0;0,0;15,0;0,0;0,0;0,0;37,0;PA;False;0,0;22981,0
Juruti;2022;18269,0;89228,0;informado;14,0;0,971;Mandioca;86400,0;5,0;90,0;145,0;29,0;0,0;0,0;18000,0;PA;False;0,1;4884,0
Limoeiro do Ajuru;2022;9711,0;241688,0;informado;10,0;0,862;Açaí;233730,0;0,0;0,0;9024,0;28,0;0,0;109,0;550,0;PA;False;0,2;24888,0
Mãe do Rio;2022;3087,0;31325,0;informado;12,0;0,254;Dendê (cacho de coco);13991,0;0,0;0,0;259,0;900,0;0,0;1328,0;600,0;PA;False;19,4;10147,0
Magalhães Barata;2022;1193,0;14227,0;informado;9,0;0,707;Mandioca;12012,0;0,0;0,0;108,0;70,0;0,0;15,0;1000,0;PA;False;2,5;11925,0
Marabá;2022;14439,0;171163,0;informado;14,0;0,4;Mandioca;92999,0;0,0;0,0;1049,0;8190,0;0,0;0,0;5200,0;PA;False;55,3;11854,0
Maracanã;2022;2527,0;34757,0;informado;17,0;0,206;Mandioca;10010,0;0,0;0,0;465,0;490,0;0,0;572,0;1000,0;PA;False;9,9;13754,0
Marapanim;2022;1528,0;24328,0;informado;14,0;0,509;Mandioca;15135,0;0,0;0,0;243,0;100,0;0,0;105,0;1080,0;PA;False;2,6;15921,0
Marituba;2022;;;indisponivel;;;;;0,0;0,0;0,0;0,0;0,0;0,0;0,0;PA;False;;
Medicilândia;2022;57454,0;927901,0;informado;18,0;0,625;Cacau (em amêndoa);693212,0;0,0;0,0;10753,0;2220,0;17,0;44194,0;270,0;PA;False;3,6;16150,0
Melgaço;2022;4844,0;38200,0;informado;5,0;0,831;Açaí;33704,0;0,0;0,0;4464,0;0,0;0,0;12,0;368,0;PA;False;0,0;7886,0
Mocajuba;2022;12667,0;394950,0;informado;9,0;0,337;Açaí;344715,0;0,0;0,0;6798,0;2500,0;0,0;1369,0;2000,0;PA;False;15,8;31179,0
Moju;2022;42665,0;528437,0;informado;18,0;0,312;Dendê (cacho de coco);142086,0;0,0;0,0;13980,0;930,0;0,0;21355,0;6400,0;PA;False;1,9;12386,0
Mojuí dos Campos;2022;103084,0;723872,0;informado;19,0;0,466;Soja (em grão);472500,0;10,0;0,0;519,0;101125,0;0,0;130,0;1300,0;PA;False;96,5;7022,0
Monte Alegre;2022;13366,0;175154,0;informado;21,0;0,279;Limão;102638,0;15,0;0,0;3376,0;3588,0;40,0;347,0;6000,0;PA;False;13,5;13104,0
Muaná;2022;5570,0;81658,0;informado;3,0;0,975;Açaí;80560,0;0,0;0,0;5540,0;0,0;0,0;0,0;30,0;PA;False;0,0;14660,0
Nova Esperança do Piriá;2022;10398,0;64767,0;informado;10,0;0,42;Mandioca;21298,0;0,0;100,0;543,0;6305,0;0,0;450,0;3000,0;PA;False;57,7;6229,0
Nova Ipixuna;2022;1069,0;7096,0;informado;9,0;0,39;Mandioca;3135,0;0,0;0,0;137,0;642,0;0,0;10,0;280,0;PA;False;56,1;6638,0
Nova Timboteua;2022;2863,0;27764,0;informado;10,0;0,46;Mandioca;14362,0;0,0;0,0;223,0;320,0;0,0;420,0;1900,0;PA;False;4,9;9698,0
Novo Progresso;2022;27416,0;211401,0;informado;19,0;0,56;Soja (em grão);171600,0;5,0;0,0;391,0;26009,0;0,0;11,0;1000,0;PA;False;87,5;7711,0
Novo Repartimento;2022;6970,0;91242,0;informado;9,0;0,445;Banana (cacho);59112,0;0,0;0,0;2038,0;260,0;0,0;4172,0;500,0;PA;False;1,1;13091,0
Óbidos;2022;20589,0;96605,0;informado;15,0;0,944;Mandioca;91200,0;8,0;0,0;427,0;151,0;0,0;3,0;20000,0;PA;False;0,5;4692,0
Oeiras do Pará;2022;7926,0;186409,0;informado;8,0;0,416;Açaí;146358,0;0,0;0,0;3527,0;259,0;0,0;340,0;3800,0;PA;False;1,1;23519,0
Oriximiná;2022;14508,0;68699,0;informado;13,0;0,931;Mandioca;63840,0;4,0;0,0;244,0;260,0;0,0;0,0;14000,0;PA;False;0,9;4735,0
Ourém;2022;2463,0;24322,0;informado;10,0;0,238;Pimenta-do-reino;6624,0;0,0;8,0;955,0;400,0;0,0;200,0;900,0;PA;False;8,1;9875,0
Ourilândia do Norte;2022;1694,0;24410,0;informado;10,0;0,359;Cacau (em amêndoa);9372,0;0,0;0,0;211,0;393,0;0,0;930,0;160,0;PA;False;20,1;14410,0
Pacajá;2022;12229,0;195731,0;informado;18,0;0,286;Mandioca;73220,0;10,0;0,0;1164,0;2513,0;0,0;5927,0;2615,0;PA;False;13,2;16005,0
Palestina do Pará;2022;800,0;8338,0;informado;4,0;0,458;Banana (cacho);4500,0;0,0;0,0;120,0;550,0;0,0;0,0;130,0;PA;False;63,7;10422,0
Paragominas;2022;224118,0;1964910,0;informado;17,0;0,782;Soja (em grão);1838621,0;0,0;0,0;529,0;221730,0;0,0;610,0;1249,0;PA;False;93,8;8767,0
Parauapebas;2022;7021,0;108029,0;informado;15,0;0,239;Mandioca;37615,0;0,0;0,0;1625,0;3740,0;26,0;100,0;1530,0;PA;False;39,9;15387,0
Pau D'Arco;2022;879,0;10678,0;informado;2,0;0,5;Mandioca;7859,0;0,0;0,0;0,0;449,0;0,0;0,0;430,0;PA;False;51,1;12148,0
Peixe-Boi;2022;1501,0;10373,0;informado;10,0;0,298;Mandioca;3198,0;0,0;6,0;265,0;450,0;0,0;80,0;700,0;PA;False;23,3;6911,0
Piçarra;2022;3965,0;33817,0;informado;6,0;0,619;Milho (em grão);16320,0;0,0;0,0;80,0;3035,0;0,0;0,0;850,0;PA;False;75,7;8529,0
Placas;2022;18825,0;180878,0;informado;15,0;0,476;Cacau (em amêndoa);125785,0;10,0;0,0;1794,0;2870,0;0,0;13351,0;800,0;PA;False;13,5;9608,0
Ponta de Pedras;2022;4155,0;61681,0;informado;3,0;0,974;Açaí;61039,0;0,0;0,0;4125,0;0,0;0,0;0,0;30,0;PA;False;0,0;14845,0
Portel;2022;18658,0;193875,0;informado;4,0;0,658;Açaí;103734,0;0,0;0,0;4058,0;0,0;0,0;0,0;14600,0;PA;False;0,0;10391,0
Porto de Moz;2022;1216,0;20502,0;informado;16,0;0,188;Mandioca;8250,0;15,0;0,0;471,0;300,0;0,0;30,0;400,0;PA;False;11,5;16860,0
Prainha;2022;4531,0;54513,0;informado;19,0;0,28;Mandioca;32000,0;6,0;0,0;910,0;1500,0;10,0;105,0;2000,0;PA;False;26,5;12031,0
Primavera;2022;591,0;3678,0;informado;6,0;0,278;Mandioca;1938,0;0,0;0,0;70,0;333,0;0,0;18,0;170,0;PA;False;38,9;6223,0
Quatipuru;2022;833,0;12744,0;informado;10,0;0,363;Açaí;8842,0;0,0;0,0;303,0;80,0;0,0;0,0;450,0;PA;False;4,8;15299,0
Redenção;2022;16730,0;142641,0;informado;9,0;0,46;Soja (em grão);67139,0;0,0;0,0;182,0;13798,0;0,0;0,0;2750,0;PA;False;81,5;8526,0
Rio Maria;2022;1362,0;18151,0;informado;8,0;0,284;Abacaxi;9075,0;0,0;0,0;324,0;943,0;0,0;0,0;95,0;PA;False;67,5;13327,0
Rondon do Pará;2022;55147,0;507899,0;informado;10,0;0,881;Soja (em grão);486122,0;0,0;0,0;55,0;54663,0;6,0;0,0;423,0;PA;False;98,7;9210,0
Rurópolis;2022;9879,0;81903,0;informado;17,0;0,177;Cacau (em amêndoa);28333,0;15,0;0,0;2657,0;3640,0;0,0;2667,0;900,0;PA;False;28,6;8291,0
Salinópolis;2022;827,0;8166,0;informado;6,0;0,295;Mandioca;3960,0;0,0;0,0;302,0;225,0;0,0;0,0;300,0;PA;False;14,5;9874,0
Salvaterra;2022;2490,0;25588,0;informado;5,0;0,581;Abacaxi;17680,0;0,0;0,0;660,0;1800,0;0,0;0,0;30,0;PA;False;0,0;10276,0
Santa Bárbara do Pará;2022;435,0;6712,0;informado;4,0;0,391;Açaí;3619,0;0,0;0,0;200,0;55,0;0,0;0,0;180,0;PA;False;6,9;15430,0
Santa Izabel do Pará;2022;6348,0;127907,0;informado;10,0;0,632;Açaí;111216,0;0,0;0,0;5160,0;0,0;0,0;788,0;400,0;PA;False;0,0;20149,0
Santa Luzia do Pará;2022;2008,0;18675,0;informado;9,0;0,249;Mandioca;7438,0;0,0;10,0;340,0;608,0;0,0;200,0;850,0;PA;False;17,4;9300,0
Santa Maria das Barreiras;2022;108700,0;549350,0;informado;10,0;0,49;Soja (em grão);431630,0;0,0;0,0;70,0;107830,0;0,0;0,0;800,0;PA;False;95,2;5054,0
Santa Maria do Pará;2022;7311,0;110033,0;informado;8,0;0,505;Mandioca;87803,0;0,0;0,0;240,0;730,0;0,0;1341,0;5000,0;PA;False;9,6;15050,0
Santana do Araguaia;2022;195195,0;1426665,0;informado;10,0;0,493;Soja (em grão);1192168,0;0,0;0,0;95,0;193520,0;0,0;780,0;800,0;PA;False;95,5;7309,0
Santarém;2022;67413,0;486199,0;informado;20,0;0,402;Soja (em grão);290499,0;10,0;0,0;473,0;61645,0;10,0;375,0;4900,0;PA;False;89,0;7212,0
Santarém Novo;2022;1110,0;5053,0;informado;6,0;0,385;Mandioca;2640,0;0,0;0,0;30,0;500,0;0,0;30,0;550,0;PA;False;36,0;4552,0
Santo Antônio do Tauá;2022;5110,0;55775,0;informado;11,0;0,354;Dendê (cacho de coco);14210,0;0,0;0,0;1560,0;100,0;0,0;3150,0;300,0;PA;False;1,2;10915,0
São Caetano de Odivelas;2022;988,0;13657,0;informado;10,0;0,519;Mandioca;9324,0;0,0;0,0;177,0;85,0;0,0;26,0;700,0;PA;False;2,0;13823,0
São Domingos do Araguaia;2022;3637,0;44407,0;informado;8,0;0,356;Mandioca;22397,0;0,0;0,0;615,0;1092,0;0,0;30,0;1900,0;PA;False;25,5;12210,0
São Domingos do Capim;2022;16760,0;239607,0;informado;14,0;0,404;Mandioca;150150,0;0,0;0,0;2525,0;700,0;0,0;3535,0;10000,0;PA;False;2,1;14296,0
São Félix do Xingu;2022;19071,0;278019,0;informado;11,0;0,24;Soja (em grão);72930,0;0,0;0,0;2030,0;11829,0;0,0;4000,0;1212,0;PA;False;60,3;14578,0
São Francisco do Pará;2022;6452,0;95705,0;informado;13,0;0,407;Mandioca;60060,0;100,0;0,0;560,0;600,0;0,0;1192,0;4000,0;PA;False;4,6;14833,0
São Geraldo do Araguaia;2022;8455,0;58742,0;informado;9,0;0,513;Milho (em grão);21417,0;0,0;0,0;810,0;5985,0;0,0;1060,0;600,0;PA;False;69,8;6948,0
São João da Ponta;2022;789,0;15891,0;informado;14,0;0,232;Abacaxi;6450,0;0,0;0,0;266,0;50,0;0,0;143,0;330,0;PA;False;2,5;20141,0
São João de Pirabas;2022;493,0;5115,0;informado;9,0;0,213;Melancia;1836,0;0,0;0,0;172,0;141,0;0,0;0,0;180,0;PA;False;16,2;10375,0
São João do Araguaia;2022;1855,0;27054,0;informado;11,0;0,2;Banana (cacho);9375,0;0,0;0,0;472,0;833,0;0,0;0,0;550,0;PA;False;42,3;14584,0
São Miguel do Guamá;2022;6953,0;96058,0;informado;12,0;0,371;Mandioca;60060,0;0,0;0,0;650,0;1500,0;0,0;803,0;4000,0;PA;False;14,4;13815,0
São Sebastião da Boa Vista;2022;6060,0;47678,0;informado;2,0;0,98;Açaí;46603,0;0,0;0,0;6000,0;0,0;0,0;0,0;60,0;PA;False;0,0;7868,0
Sapucaia;2022;620,0;3824,0;informado;4,0;0,892;Milho (em grão);2948,0;0,0;0,0;11,0;585,0;0,0;2,0;22,0;PA;False;94,4;6168,0
Senador José Porfírio;2022;6231,0;78920,0;informado;12,0;0,476;Cacau (em amêndoa);58352,0;15,0;0,0;945,0;745,0;0,0;4176,0;350,0;PA;False;9,6;12666,0
Soure;2022;125,0;263,0;informado;1,0;1,0;Coco-da-baía;263,0;0,0;0,0;125,0;0,0;0,0;0,0;0,0;PA;False;0,0;2104,0
Tailândia;2022;100035,0;508772,0;informado;15,0;0,435;Dendê (cacho de coco);320309,0;0,0;0,0;615,0;37100,0;0,0;61320,0;1000,0;PA;False;35,5;5086,0
Terra Alta;2022;933,0;14748,0;informado;12,0;0,365;Dendê (cacho de coco);5675,0;0,0;0,0;185,0;10,0;0,0;568,0;170,0;PA;False;0,5;15807,0
Terra Santa;2022;99,0;587,0;informado;8,0;0,442;Mandioca;284,0;5,0;0,0;18,0;12,0;0,0;0,0;64,0;PA;False;10,1;5929,0
Tomé-Açu;2022;49014,0;361150,0;informado;14,0;0,548;Dendê (cacho de coco);187845,0;0,0;0,0;4014,0;1050,0;0,0;41950,0;2000,0;PA;False;1,5;7368,0
Tracuateua;2022;4921,0;37272,0;informado;14,0;0,474;Mandioca;29213,0;0,0;10,0;246,0;1600,0;0,0;30,0;3035,0;PA;False;1,8;7574,0
Trairão;2022;15033,0;88800,0;informado;18,0;0,145;Mandioca;22100,0;10,0;0,0;2002,0;7950,0;2,0;1661,0;3408,0;PA;False;29,3;5907,0
Tucumã;2022;7123,0;71903,0;informado;9,0;0,562;Cacau (em amêndoa);52453,0;0,0;0,0;250,0;1538,0;0,0;5200,0;135,0;PA;False;21,2;10094,0
Tucuruí;2022;58,0;952,0;informado;4,0;0,422;Mandioca;474,0;0,0;0,0;5,0;0,0;0,0;18,0;35,0;PA;False;0,0;16414,0
Ulianópolis;2022;88547,0;735957,0;informado;22,0;0,443;Soja (em grão);514208,0;17000,0;0,0;247,0;70649,0;0,0;163,0;488,0;PA;False;74,5;8311,0
Uruará;2022;23966,0;319418,0;informado;16,0;0,617;Cacau (em amêndoa);265608,0;0,0;0,0;1263,0;3300,0;50,0;18733,0;620,0;PA;False;10,2;13328,0
Vigia;2022;1045,0;14468,0;informado;8,0;0,303;Mandioca;8400,0;0,0;0,0;260,0;0,0;0,0;285,0;500,0;PA;False;0,0;13845,0
Viseu;2022;8990,0;82841,0;informado;14,0;0,304;Mandioca;44154,0;0,0;150,0;1270,0;2900,0;0,0;140,0;4530,0;PA;False;8,9;9215,0
Vitória do Xingu;2022;6320,0;81094,0;informado;15,0;0,671;Cacau (em amêndoa);62300,0;4,0;0,0;549,0;375,0;0,0;5162,0;230,0;PA;False;4,7;12831,0
Xinguara;2022;1467,0;15608,0;informado;10,0;0,401;Milho (em grão);6392,0;3,0;0,0;95,0;1069,0;0,0;70,0;230,0;PA;False;67,1;10639,0
Abaetetuba;2023;25095,0;755067,0;informado;18,0;0,649;Açaí;672000,0;100,0;0,0;20515,0;225,0;0,0;2205,0;2050,0;PA;False;0,4;30088,0
Abel Figueiredo;2023;6224,0;36969,0;informado;12,0;0,813;Soja (em grão);30056,0;11,0;0,0;59,0;5831,0;0,0;13,0;310,0;PA;False;93,3;5940,0
Acará;2023;41569,0;911528,0;informado;13,0;0,324;Mandioca;568728,0;0,0;0,0;7099,0;150,0;0,0;16020,0;18300,0;PA;False;0,1;21928,0
Afuá;2023;140,0;2187,0;informado;2,0;0,592;Banana (cacho);1438,0;0,0;0,0;40,0;0,0;0,0;0,0;100,0;PA;False;0,0;15621,0
Água Azul do Norte;2023;6267,0;26555,0;informado;8,0;0,699;Milho (em grão);16000,0;0,0;0,0;178,0;5833,0;0,0;100,0;156,0;PA;False;92,5;4237,0
Alenquer;2023;15765,0;460594,0;informado;16,0;0,429;Mandioca;397500,0;16,0;0,0;2618,0;2540,0;2,0;589,0;10000,0;PA;False;12,7;29216,0
Almeirim;2023;787,0;12043,0;informado;16,0;0,119;Abacaxi;3024,0;8,0;0,0;324,0;145,0;0,0;130,0;180,0;PA;False;12,1;15302,0
Altamira;2023;38115,0;375715,0;informado;23,0;0,258;Cacau (em amêndoa);101892,0;20,0;0,0;1563,0;28053,0;5,0;7524,0;950,0;PA;False;64,3;9857,0
Anajás;2023;8064,0;289784,0;informado;4,0;0,924;Açaí;284366,0;0,0;0,0;7934,0;0,0;0,0;0,0;130,0;PA;False;0,0;35936,0
Ananindeua;2023;38,0;978,0;informado;2,0;0,589;Açaí;678,0;0,0;0,0;38,0;0,0;0,0;0,0;0,0;PA;False;0,0;25737,0
Anapu;2023;11915,0;164952,0;informado;18,0;0,522;Cacau (em amêndoa);103675,0;0,0;0,0;1466,0;1370,0;3,0;8546,0;530,0;PA;False;8,4;13844,0
Augusto Corrêa;2023;2563,0;28912,0;informado;15,0;0,467;Mandioca;19445,0;0,0;14,0;367,0;370,0;0,0;100,0;1712,0;PA;False;5,9;11281,0
Aurora do Pará;2023;7978,0;137851,0;informado;15,0;0,293;Açaí;49476,0;0,0;0,0;1298,0;1035,0;0,0;4345,0;1300,0;PA;False;10,7;17279,0
Aveiro;2023;1984,0;20708,0;informado;18,0;0,231;Mandioca;11201,0;8,0;0,0;430,0;235,0;0,0;611,0;700,0;PA;False;5,0;10438,0
Bagre;2023;8275,0;215847,0;informado;5,0;0,87;Açaí;212498,0;0,0;0,0;7715,0;0,0;0,0;0,0;560,0;PA;False;0,0;26084,0
Baião;2023;14490,0;207758,0;informado;9,0;0,502;Mandioca;141008,0;0,0;0,0;1540,0;900,0;0,0;2050,0;10000,0;PA;False;5,5;14338,0
Bannach;2023;50,0;512,0;informado;3,0;0,475;Mandioca;392,0;0,0;0,0;0,0;10,0;0,0;8,0;32,0;PA;False;0,0;10240,0
Barcarena;2023;14114,0;488927,0;informado;16,0;0,53;Açaí;420000,0;5,0;0,0;10477,0;362,0;0,0;1720,0;1550,0;PA;False;2,1;34641,0
Belém;2023;170,0;3738,0;informado;1,0;1,0;Açaí;3738,0;0,0;0,0;170,0;0,0;0,0;0,0;0,0;PA;False;0,0;21988,0
Belterra;2023;57514,0;347471,0;informado;18,0;0,475;Soja (em grão);236250,0;0,0;0,0;241,0;56080,0;2,0;91,0;1100,0;PA;False;97,2;6042,0
Benevides;2023;150,0;3240,0;informado;1,0;1,0;Açaí;3240,0;0,0;0,0;150,0;0,0;0,0;0,0;0,0;PA;False;0,0;21600,0
Bom Jesus do Tocantins;2023;822,0;8566,0;informado;13,0;0,291;Mandioca;4303,0;0,0;0,0;80,0;358,0;0,0;0,0;384,0;PA;False;23,7;10421,0
Bonito;2023;9900,0;121449,0;informado;8,0;0,796;Dendê (cacho de coco);99936,0;0,0;0,0;220,0;80,0;0,0;8850,0;750,0;PA;False;0,8;12268,0
Bragança;2023;5214,0;62849,0;informado;14,0;0,607;Mandioca;54999,0;0,0;0,0;339,0;800,0;0,0;55,0;4020,0;PA;False;9,6;12054,0
Brasil Novo;2023;9517,0;96121,0;informado;18,0;0,779;Cacau (em amêndoa);73167,0;2,0;0,0;557,0;371,0;1,0;8396,0;190,0;PA;False;3,7;10100,0
Brejo Grande do Araguaia;2023;1505,0;15921,0;informado;8,0;0,346;Banana (cacho);10154,0;0,0;0,0;220,0;1225,0;0,0;0,0;60,0;PA;False;79,7;10579,0
Breu Branco;2023;9065,0;50028,0;informado;12,0;0,442;Soja (em grão);28160,0;0,0;0,0;254,0;8500,0;0,0;161,0;150,0;PA;False;93,8;5519,0
Breves;2023;3386,0;76865,0;informado;5,0;0,704;Açaí;70895,0;0,0;0,0;2996,0;0,0;0,0;0,0;390,0;PA;False;0,0;22701,0
Bujaru;2023;8677,0;474930,0;informado;11,0;0,53;Açaí;423036,0;0,0;0,0;6647,0;290,0;0,0;740,0;1000,0;PA;False;1,4;54734,0
Cachoeira do Piriá;2023;2386,0;28357,0;informado;12,0;0,227;Açaí;12946,0;0,0;180,0;1011,0;480,0;0,0;130,0;585,0;PA;False;10,5;11885,0
Cachoeira do Arari;2023;9250,0;79566,0;informado;4,0;0,81;Arroz (em casca);66825,0;0,0;0,0;750,0;8300,0;0,0;0,0;200,0;PA;False;0,0;8602,0
Cametá;2023;44855,0;754136,0;informado;14,0;0,492;Açaí;629280,0;0,0;0,0;30124,0;694,0;0,0;7037,0;7000,0;PA;False;0,6;16813,0
Canaã dos Carajás;2023;4847,0;47603,0;informado;11,0;0,693;Banana (cacho);21875,0;0,0;0,0;684,0;4008,0;0,0;35,0;120,0;PA;False;82,5;9821,0
Capanema;2023;8339,0;85501,0;informado;10,0;0,436;Mandioca;66060,0;0,0;0,0;339,0;3300,0;0,0;100,0;4600,0;PA;False;3,6;10253,0
Capitão Poço;2023;21410,0;292018,0;informado;12,0;0,293;Laranja;146580,0;0,0;100,0;12660,0;3050,0;0,0;1600,0;4000,0;PA;False;7,0;13639,0
Castanhal;2023;12354,0;240468,0;informado;13,0;0,451;Mandioca;150408,0;0,0;0,0;1620,0;800,0;0,0;1834,0;8100,0;PA;False;3,2;19465,0
Chaves;2023;70,0;580,0;informado;1,0;1,0;Mandioca;580,0;0,0;0,0;0,0;0,0;0,0;0,0;70,0;PA;False;0,0;8286,0
Colares;2023;415,0;4837,0;informado;7,0;0,84;Mandioca;4560,0;0,0;0,0;20,0;15,0;0,0;0,0;380,0;PA;False;2,4;11655,0
Conceição do Araguaia;2023;16848,0;163553,0;informado;7,0;0,399;Abacaxi;69113,0;0,0;0,0;1470,0;14978,0;0,0;0,0;400,0;PA;False;88,6;9708,0
Concórdia do Pará;2023;24534,0;278824,0;informado;14,0;0,582;Dendê (cacho de coco);121248,0;0,0;0,0;2395,0;119,0;0,0;19420,0;2600,0;PA;False;0,2;11365,0
Cumaru do Norte;2023;21191,0;153796,0;informado;12,0;0,495;Soja (em grão);102804,0;0,0;0,0;353,0;20378,0;0,0;10,0;450,0;PA;False;92,4;7258,0
Curionópolis;2023;3378,0;31973,0;informado;6,0;0,648;Mandioca;12036,0;0,0;0,0;280,0;2678,0;0,0;0,0;420,0;PA;False;79,3;9465,0
Curralinho;2023;2676,0;82138,0;informado;5,0;0,731;Açaí;79867,0;3,0;0,0;2258,0;0,0;0,0;0,0;415,0;PA;False;0,0;30694,0
Curuá;2023;707,0;11081,0;informado;10,0;0,41;Açaí;8334,0;0,0;0,0;553,0;71,0;0,0;3,0;80,0;PA;False;7,9;15673,0
Curuçá;2023;1435,0;30309,0;informado;13,0;0,345;Mandioca;13306,0;0,0;0,0;355,0;40,0;0,0;240,0;800,0;PA;False;1,4;21121,0
Dom Eliseu;2023;210686,0;1252945,0;informado;18,0;0,677;Soja (em grão);1139901,0;0,0;0,0;347,0;210051,0;8,0;100,0;180,0;PA;False;96,4;5947,0
Eldorado do Carajás;2023;2650,0;31060,0;informado;13,0;0,427;Mandioca;11974,0;0,0;0,0;340,0;1740,0;0,0;120,0;450,0;PA;False;62,2;11721,0
Faro;2023;235,0;503,0;informado;9,0;0,73;Mandioca;200,0;2,0;0,0;30,0;3,0;0,0;0,0;200,0;PA;False;1,3;2140,0
Floresta do Araguaia;2023;19866,0;922579,0;informado;5,0;0,416;Abacaxi;826638,0;0,0;0,0;10160,0;8626,0;0,0;0,0;1080,0;PA;False;43,4;46440,0
Garrafão do Norte;2023;8360,0;94743,0;informado;11,0;0,194;Mandioca;25200,0;0,0;20,0;1827,0;1412,0;0,0;3001,0;2100,0;PA;False;9,6;11333,0
Goianésia do Pará;2023;523,0;9325,0;informado;10,0;0,213;Açaí;3192,0;0,0;0,0;213,0;0,0;0,0;160,0;150,0;PA;False;0,0;17830,0
Gurupá;2023;1077,0;20325,0;informado;13,0;0,233;Açaí;10640,0;4,0;0,0;480,0;168,0;0,0;105,0;320,0;PA;False;2,8;18872,0
Igarapé-Açu;2023;9232,0;208456,0;informado;17,0;0,312;Açaí;56031,0;15,0;0,0;1595,0;210,0;0,0;6312,0;1100,0;PA;False;1,4;22580,0
Igarapé-Miri;2023;54814,0;2575032,0;informado;14,0;0,901;Açaí;2533440,0;10,0;0,0;52200,0;72,0;0,0;502,0;2030,0;PA;False;0,1;46978,0
Inhangapi;2023;5193,0;113510,0;informado;16,0;0,358;Açaí;71408,0;0,0;0,0;3014,0;25,0;0,0;454,0;1700,0;PA;False;0,2;21858,0
Ipixuna do Pará;2023;15674,0;96277,0;informado;17,0;0,323;Soja (em grão);53479,0;0,0;0,0;323,0;12500,0;0,0;501,0;2350,0;PA;False;69,5;6142,0
Irituia;2023;4208,0;54866,0;informado;12,0;0,183;Açaí;14364,0;0,0;60,0;1027,0;800,0;0,0;1121,0;1200,0;PA;False;11,9;13038,0
Itaituba;2023;4128,0;54089,0;informado;20,0;0,186;Mandioca;22000,0;10,0;0,0;1316,0;1285,0;5,0;502,0;1010,0;PA;False;20,6;13103,0
Itupiranga;2023;8360,0;112766,0;informado;10,0;0,375;Mandioca;72975,0;0,0;0,0;965,0;3725,0;0,0;100,0;3570,0;PA;False;43,3;13489,0
Jacareacanga;2023;3168,0;32442,0;informado;12,0;0,442;Mandioca;17550,0;10,0;0,0;324,0;822,0;0,0;12,0;2000,0;PA;False;2,7;10241,0
Jacundá;2023;200,0;2141,0;informado;3,0;0,445;Açaí;743,0;0,0;0,0;30,0;120,0;0,0;0,0;50,0;PA;False;60,0;10705,0
Juruti;2023;7467,0;116211,0;informado;13,0;0,93;Mandioca;114000,0;4,0;65,0;175,0;23,0;0,0;0,0;7200,0;PA;False;0,2;15563,0
Limoeiro do Ajuru;2023;9711,0;173344,0;informado;10,0;0,862;Açaí;167580,0;0,0;0,0;9024,0;28,0;0,0;109,0;550,0;PA;False;0,2;17850,0
Mãe do Rio;2023;3048,0;37326,0;informado;12,0;0,252;Dendê (cacho de coco);14096,0;0,0;0,0;315,0;900,0;0,0;1333,0;500,0;PA;False;19,7;12246,0
Magalhães Barata;2023;1226,0;15404,0;informado;9,0;0,67;Mandioca;11178,0;0,0;0,0;126,0;70,0;0,0;30,0;1000,0;PA;False;2,4;12564,0
Marabá;2023;14439,0;171920,0;informado;14,0;0,4;Mandioca;100862,0;0,0;0,0;1049,0;8190,0;0,0;0,0;5200,0;PA;False;55,3;11907,0
Maracanã;2023;2319,0;42959,0;informado;17,0;0,228;Açaí;12053,0;0,0;0,0;495,0;340,0;0,0;484,0;1000,0;PA;False;8,6;18525,0
Marapanim;2023;1508,0;26778,0;informado;14,0;0,521;Mandioca;14397,0;0,0;0,0;243,0;100,0;0,0;85,0;1080,0;PA;False;2,7;17757,0
Marituba;2023;;;indisponivel;;;;;0,0;0,0;0,0;0,0;0,0;0,0;0,0;PA;False;;
Medicilândia;2023;59760,0;985572,0;informado;18,0;0,638;Cacau (em amêndoa);640581,0;0,0;0,0;10786,0;2190,0;8,0;46556,0;220,0;PA;False;3,5;16492,0
Melgaço;2023;6254,0;45785,0;informado;5,0;0,588;Açaí;31776,0;0,0;0,0;4580,0;0,0;0,0;14,0;1660,0;PA;False;0,0;7321,0
Mocajuba;2023;12667,0;213023,0;informado;9,0;0,337;Açaí;169244,0;0,0;0,0;6798,0;2500,0;0,0;1369,0;2000,0;PA;False;15,8;16817,0
Moju;2023;42665,0;943100,0;informado;18,0;0,312;Dendê (cacho de coco);276942,0;0,0;0,0;13980,0;930,0;0,0;21355,0;6400,0;PA;False;1,9;22105,0
Mojuí dos Campos;2023;101682,0;608413,0;informado;20,0;0,479;Soja (em grão);393750,0;10,0;0,0;499,0;99725,0;0,0;128,0;1320,0;PA;False;97,9;5983,0
Monte Alegre;2023;12074,0;189562,0;informado;21,0;0,241;Limão;106215,0;15,0;0,0;3596,0;3588,0;40,0;335,0;4500,0;PA;False;14,9;15700,0
Muaná;2023;3940,0;93273,0;informado;3,0;0,955;Açaí;92625,0;0,0;0,0;3890,0;0,0;0,0;0,0;50,0;PA;False;0,0;23673,0
Nova Esperança do Piriá;2023;10458,0;67400,0;informado;11,0;0,415;Mandioca;34020,0;0,0;100,0;603,0;6305,0;0,0;450,0;3000,0;PA;False;57,4;6445,0
Nova Ipixuna;2023;1069,0;12240,0;informado;9,0;0,39;Mandioca;6252,0;0,0;0,0;137,0;642,0;0,0;10,0;280,0;PA;False;56,1;11450,0
Nova Timboteua;2023;3064,0;52132,0;informado;10,0;0,408;Açaí;23936,0;0,0;0,0;424,0;320,0;0,0;420,0;1900,0;PA;False;4,6;17014,0
Novo Progresso;2023;35888,0;277839,0;informado;19,0;0,646;Soja (em grão);236886,0;5,0;0,0;391,0;34481,0;0,0;11,0;1000,0;PA;False;90,5;7742,0
Novo Repartimento;2023;5379,0;84063,0;informado;5,0;0,818;Cacau (em amêndoa);72590,0;0,0;0,0;509,0;25,0;0,0;4845,0;0,0;PA;False;0,5;15628,0
Óbidos;2023;6931,0;67529,0;informado;16,0;0,88;Mandioca;62400,0;15,0;0,0;315,0;87,0;0,0;14,0;6500,0;PA;False;0,7;9743,0
Oeiras do Pará;2023;7926,0;170052,0;informado;8,0;0,416;Açaí;127376,0;0,0;0,0;3527,0;259,0;0,0;340,0;3800,0;PA;False;1,1;21455,0
Oriximiná;2023;14458,0;63866,0;informado;12,0;0,938;Mandioca;57960,0;5,0;0,0;243,0;210,0;0,0;0,0;14000,0;PA;False;0,9;4417,0
Ourém;2023;2463,0;37404,0;informado;10,0;0,238;Mandioca;11961,0;0,0;8,0;955,0;400,0;0,0;200,0;900,0;PA;False;8,1;15186,0
Ourilândia do Norte;2023;1675,0;20587,0;informado;8,0;0,367;Cacau (em amêndoa);10542,0;0,0;0,0;200,0;385,0;0,0;930,0;160,0;PA;False;20,3;12291,0
Pacajá;2023;12692,0;207331,0;informado;18,0;0,306;Mandioca;79950,0;10,0;0,0;1164,0;2513,0;0,0;6340,0;2665,0;PA;False;12,7;16336,0
Palestina do Pará;2023;800,0;8259,0;informado;4,0;0,458;Banana (cacho);4500,0;0,0;0,0;120,0;550,0;0,0;0,0;130,0;PA;False;63,7;10324,0
Paragominas;2023;320599,0;2045378,0;informado;17,0;0,723;Soja (em grão);1908763,0;0,0;0,0;530,0;318200,0;0,0;620,0;1249,0;PA;False;95,7;6380,0
Parauapebas;2023;7001,0;116983,0;informado;14,0;0,24;Mandioca;45880,0;0,0;0,0;1625,0;3740,0;6,0;100,0;1530,0;PA;False;40,0;16709,0
Pau D'Arco;2023;1957,0;19070,0;informado;2,0;0,657;Mandioca;9785,0;0,0;0,0;0,0;1527,0;0,0;0,0;430,0;PA;False;78,0;9745,0
Peixe-Boi;2023;1486,0;12338,0;informado;10,0;0,298;Mandioca;5486,0;0,0;6,0;230,0;450,0;0,0;100,0;700,0;PA;False;23,6;8303,0
Piçarra;2023;3950,0;27832,0;informado;6,0;0,623;Mandioca;16500,0;0,0;0,0;65,0;3035,0;0,0;0,0;850,0;PA;False;75,9;7046,0
Placas;2023;20548,0;243846,0;informado;15,0;0,478;Cacau (em amêndoa);184914,0;8,0;0,0;1844,0;3430,0;0,0;14566,0;700,0;PA;False;14,6;11867,0
Ponta de Pedras;2023;3665,0;50426,0;informado;3,0;0,965;Açaí;50008,0;0,0;0,0;3635,0;0,0;0,0;0,0;30,0;PA;False;0,0;13759,0
Portel;2023;18863,0;228771,0;informado;4,0;0,649;Açaí;126889,0;0,0;0,0;4263,0;0,0;0,0;0,0;14600,0;PA;False;0,0;12128,0
Porto de Moz;2023;1216,0;21231,0;informado;16,0;0,188;Mandioca;8250,0;15,0;0,0;471,0;300,0;0,0;30,0;400,0;PA;False;11,5;17460,0
Prainha;2023;4868,0;47304,0;informado;19,0;0,299;Mandioca;27000,0;6,0;0,0;654,0;2290,0;8,0;110,0;1800,0;PA;False;39,0;9717,0
Primavera;2023;589,0;3473,0;informado;8,0;0,279;Mandioca;1428,0;0,0;0,0;86,0;330,0;0,0;3,0;170,0;PA;False;39,0;5896,0
Quatipuru;2023;833,0;11673,0;informado;10,0;0,363;Açaí;5494,0;0,0;0,0;303,0;80,0;0,0;0,0;450,0;PA;False;4,8;14013,0
Redenção;2023;16595,0;155585,0;informado;8,0;0,465;Mandioca;67616,0;0,0;0,0;82,0;13763,0;0,0;0,0;2750,0;PA;False;81,9;9375,0
Rio Maria;2023;1331,0;22769,0;informado;6,0;0,297;Abacaxi;15930,0;0,0;0,0;308,0;928,0;0,0;0,0;95,0;PA;False;69,1;17107,0
Rondon do Pará;2023;108755,0;583888,0;informado;12,0;0,5;Soja (em grão);411600,0;0,0;0,0;58,0;108209,0;8,0;0,0;480,0;PA;False;92,9;5369,0
Rurópolis;2023;9934,0;98577,0;informado;17,0;0,176;Cacau (em amêndoa);32999,0;10,0;0,0;2660,0;3670,0;0,0;2644,0;950,0;PA;False;28,5;9923,0
Salinópolis;2023;277,0;2546,0;informado;5,0;0,367;Mandioca;1800,0;0,0;0,0;50,0;77,0;0,0;0,0;150,0;PA;False;9,0;9191,0
Salvaterra;2023;1740,0;27309,0;informado;5,0;0,501;Abacaxi;18254,0;0,0;0,0;600,0;1100,0;0,0;0,0;40,0;PA;False;0,0;15695,0
Santa Bárbara do Pará;2023;435,0;9933,0;informado;4,0;0,391;Açaí;5550,0;0,0;0,0;200,0;55,0;0,0;0,0;180,0;PA;False;6,9;22834,0
Santa Izabel do Pará;2023;6348,0;335067,0;informado;10,0;0,632;Açaí;313680,0;0,0;0,0;5160,0;0,0;0,0;788,0;400,0;PA;False;0,0;52783,0
Santa Luzia do Pará;2023;2000,0;21268,0;informado;8,0;0,251;Mandioca;8500,0;0,0;10,0;340,0;600,0;0,0;200,0;850,0;PA;False;17,5;10634,0
Santa Maria das Barreiras;2023;120200,0;792609,0;informado;10,0;0,47;Soja (em grão);399690,0;0,0;0,0;70,0;119330,0;0,0;0,0;800,0;PA;False;95,7;6594,0
Santa Maria do Pará;2023;7311,0;106971,0;informado;8,0;0,505;Mandioca;83583,0;0,0;0,0;240,0;730,0;0,0;1341,0;5000,0;PA;False;9,6;14632,0
Santana do Araguaia;2023;195195,0;988209,0;informado;10,0;0,493;Soja (em grão);665592,0;0,0;0,0;95,0;193520,0;0,0;780,0;800,0;PA;False;95,5;5063,0
Santarém;2023;69033,0;445941,0;informado;20,0;0,41;Soja (em grão);240450,0;15,0;0,0;488,0;62645,0;10,0;375,0;5500,0;PA;False;89,8;6460,0
Santarém Novo;2023;1205,0;9738,0;informado;7,0;0,333;Mandioca;5280,0;0,0;0,0;125,0;500,0;0,0;30,0;550,0;PA;False;33,2;8081,0
Santo Antônio do Tauá;2023;5110,0;82909,0;informado;11,0;0,354;Açaí;26904,0;0,0;0,0;1560,0;100,0;0,0;3150,0;300,0;PA;False;1,2;16225,0
São Caetano de Odivelas;2023;988,0;19053,0;informado;10,0;0,519;Mandioca;13440,0;0,0;0,0;177,0;85,0;0,0;26,0;700,0;PA;False;2,0;19284,0
São Domingos do Araguaia;2023;3637,0;40180,0;informado;8,0;0,356;Mandioca;18200,0;0,0;0,0;615,0;1092,0;0,0;30,0;1900,0;PA;False;25,5;11048,0
São Domingos do Capim;2023;17525,0;295068,0;informado;15,0;0,382;Mandioca;152860,0;0,0;0,0;3290,0;700,0;0,0;3535,0;10000,0;PA;False;2,0;16837,0
São Félix do Xingu;2023;23054,0;288623,0;informado;11,0;0,253;Mandioca;89668,0;0,0;0,0;2203,0;14639,0;0,0;5000,0;1212,0;PA;False;62,0;12519,0
São Francisco do Pará;2023;6172,0;94395,0;informado;14,0;0,442;Mandioca;60000,0;100,0;0,0;500,0;380,0;0,0;1192,0;4000,0;PA;False;4,9;15294,0
São Geraldo do Araguaia;2023;8455,0;72300,0;informado;9,0;0,513;Banana (cacho);21600,0;0,0;0,0;810,0;5985,0;0,0;1060,0;600,0;PA;False;69,8;8551,0
São João da Ponta;2023;734,0;18169,0;informado;14,0;0,225;Mandioca;6000,0;0,0;0,0;242,0;54,0;0,0;138,0;300,0;PA;False;3,0;24753,0
São João de Pirabas;2023;442,0;4409,0;informado;8,0;0,241;Mandioca;1558,0;0,0;0,0;142,0;120,0;0,0;0,0;180,0;PA;False;18,1;9975,0
São João do Araguaia;2023;1855,0;27808,0;informado;11,0;0,2;Mandioca;9626,0;0,0;0,0;472,0;833,0;0,0;0,0;550,0;PA;False;42,3;14991,0
São Miguel do Guamá;2023;6953,0;98119,0;informado;12,0;0,371;Mandioca;57624,0;0,0;0,0;650,0;1500,0;0,0;803,0;4000,0;PA;False;14,4;14112,0
São Sebastião da Boa Vista;2023;5370,0;59473,0;informado;2,0;0,974;Açaí;58765,0;0,0;0,0;5300,0;0,0;0,0;0,0;70,0;PA;False;0,0;11075,0
Sapucaia;2023;620,0;2581,0;informado;4,0;0,892;Milho (em grão);1737,0;0,0;0,0;11,0;585,0;0,0;2,0;22,0;PA;False;94,4;4163,0
Senador José Porfírio;2023;6286,0;97677,0;informado;12,0;0,47;Cacau (em amêndoa);56490,0;15,0;0,0;945,0;795,0;0,0;4176,0;355,0;PA;False;10,3;15539,0
Soure;2023;125,0;426,0;informado;1,0;1,0;Coco-da-baía;426,0;0,0;0,0;125,0;0,0;0,0;0,0;0,0;PA;False;0,0;3408,0
Tailândia;2023;100035,0;871361,0;informado;15,0;0,435;Dendê (cacho de coco);624319,0;0,0;0,0;615,0;37100,0;0,0;61320,0;1000,0;PA;False;35,5;8711,0
Terra Alta;2023;916,0;15481,0;informado;12,0;0,389;Dendê (cacho de coco);6507,0;0,0;0,0;177,0;12,0;0,0;567,0;160,0;PA;False;0,5;16901,0
Terra Santa;2023;116,0;1701,0;informado;9,0;0,379;Mandioca;1244,0;5,0;0,0;30,0;12,0;0,0;0,0;69,0;PA;False;8,6;14664,0
Tomé-Açu;2023;49014,0;559368,0;informado;14,0;0,548;Dendê (cacho de coco);295185,0;0,0;0,0;4014,0;1050,0;0,0;41950,0;2000,0;PA;False;1,5;11412,0
Tracuateua;2023;4456,0;43935,0;informado;12,0;0,411;Mandioca;30547,0;0,0;15,0;276,0;2105,0;0,0;30,0;2030,0;PA;False;2,2;9860,0
Trairão;2023;15033,0;87516,0;informado;18,0;0,145;Mandioca;22100,0;10,0;0,0;2002,0;7950,0;2,0;1661,0;3408,0;PA;False;29,3;5822,0
Tucumã;2023;11048,0;134402,0;informado;8,0;0,423;Cacau (em amêndoa);101954,0;0,0;0,0;240,0;4058,0;0,0;6600,0;150,0;PA;False;36,2;12165,0
Tucuruí;2023;65,0;1006,0;informado;4,0;0,434;Mandioca;461,0;0,0;0,0;40,0;0,0;0,0;17,0;8,0;PA;False;0,0;15477,0
Ulianópolis;2023;98258,0;654218,0;informado;22,0;0,48;Soja (em grão);456035,0;17000,0;0,0;252,0;80350,0;0,0;166,0;490,0;PA;False;77,0;6658,0
Uruará;2023;24069,0;381567,0;informado;16,0;0,619;Cacau (em amêndoa);308357,0;0,0;0,0;1263,0;3300,0;50,0;18836,0;620,0;PA;False;10,2;15853,0
Vigia;2023;1045,0;17782,0;informado;8,0;0,303;Mandioca;10800,0;0,0;0,0;260,0;0,0;0,0;285,0;500,0;PA;False;0,0;17016,0
Viseu;2023;8760,0;118820,0;informado;14,0;0,317;Mandioca;77303,0;0,0;150,0;1415,0;2525,0;0,0;140,0;4530,0;PA;False;8,0;13564,0
Vitória do Xingu;2023;6702,0;70222,0;informado;17,0;0,681;Cacau (em amêndoa);40759,0;4,0;0,0;564,0;375,0;0,0;5529,0;230,0;PA;False;4,5;10478,0
Xinguara;2023;1431,0;14993,0;informado;8,0;0,416;Mandioca;8010,0;0,0;0,0;67,0;1064,0;0,0;70,0;230,0;PA;False;68,5;10477,0
Abaetetuba;2024;28075,0;734365,0;informado;18,0;0,682;Açaí;672000,0;100,0;0,0;23515,0;225,0;0,0;2185,0;2050,0;PA;False;0,3;26157,0
Abel Figueiredo;2024;6405,0;46653,0;informado;9,0;0,553;Soja (em grão);32759,0;11,0;0,0;28,0;6323,0;0,0;13,0;30,0;PA;False;98,7;7284,0
Acará;2024;54932,0;1260075,0;informado;15,0;0,304;Açaí;480000,0;0,0;0,0;12362,0;150,0;0,0;22120,0;20300,0;PA;False;0,1;22939,0
Afuá;2024;150,0;2698,0;informado;2,0;0,609;Mandioca;2040,0;0,0;0,0;40,0;0,0;0,0;0,0;110,0;PA;False;0,0;17987,0
Água Azul do Norte;2024;6943,0;45037,0;informado;7,0;0,633;Milho (em grão);28000,0;0,0;0,0;133,0;6510,0;0,0;150,0;150,0;PA;False;93,8;6487,0
Alenquer;2024;16385,0;462453,0;informado;16,0;0,473;Mandioca;396000,0;16,0;0,0;2211,0;2540,0;2,0;616,0;11000,0;PA;False;12,2;28224,0
Almeirim;2024;787,0;22783,0;informado;16,0;0,119;Abacaxi;5040,0;8,0;0,0;324,0;145,0;0,0;130,0;180,0;PA;False;12,1;28949,0
Altamira;2024;36264,0;553664,0;informado;21,0;0,267;Cacau (em amêndoa);338966,0;20,0;0,0;1545,0;28053,0;5,0;5691,0;950,0;PA;False;67,6;15268,0
Anajás;2024;12667,0;366369,0;informado;4,0;0,928;Açaí;359529,0;0,0;0,0;12407,0;0,0;0,0;0,0;260,0;PA;False;0,0;28923,0
Ananindeua;2024;38,0;1038,0;informado;2,0;0,589;Açaí;678,0;0,0;0,0;38,0;0,0;0,0;0,0;0,0;PA;False;0,0;27316,0
Anapu;2024;13555,0;572838,0;informado;18,0;0,57;Cacau (em amêndoa);518010,0;0,0;0,0;1474,0;1370,0;3,0;10178,0;530,0;PA;False;7,4;42260,0
Augusto Corrêa;2024;2925,0;29267,0;informado;16,0;0,584;Mandioca;13527,0;0,0;14,0;351,0;240,0;0,0;108,0;2212,0;PA;False;2,1;10006,0
Aurora do Pará;2024;7978,0;126375,0;informado;15,0;0,293;Pimenta-do-reino;38734,0;0,0;0,0;1298,0;1035,0;0,0;4345,0;1300,0;PA;False;10,7;15840,0
Aveiro;2024;1877,0;36943,0;informado;18,0;0,248;Cacau (em amêndoa);14036,0;8,0;0,0;323,0;215,0;0,0;631,0;700,0;PA;False;4,3;19682,0
Bagre;2024;11825,0;363964,0;informado;5,0;0,87;Açaí;358336,0;0,0;0,0;11015,0;0,0;0,0;0,0;810,0;PA;False;0,0;30779,0
Baião;2024;25400,0;446587,0;informado;9,0;0,632;Mandioca;262290,0;0,0;0,0;1780,0;950,0;0,0;2670,0;20000,0;PA;False;3,1;17582,0
Bannach;2024;2151,0;15220,0;informado;5,0;0,951;Soja (em grão);13024,0;0,0;0,0;19,0;2097,0;0,0;5,0;30,0;PA;False;97,5;7076,0
Barcarena;2024;14114,0;505779,0;informado;16,0;0,53;Açaí;420000,0;5,0;0,0;10477,0;362,0;0,0;1720,0;1550,0;PA;False;2,1;35835,0
Belém;2024;170,0;3400,0;informado;1,0;1,0;Açaí;3400,0;0,0;0,0;170,0;0,0;0,0;0,0;0,0;PA;False;0,0;20000,0
Belterra;2024;47688,0;245759,0;informado;18,0;0,508;Soja (em grão);176400,0;0,0;0,0;241,0;46169,0;2,0;76,0;1200,0;PA;False;96,3;5153,0
Benevides;2024;793,0;12375,0;informado;6,0;0,633;Açaí;7812,0;0,0;0,0;728,0;0,0;0,0;65,0;0,0;PA;False;0,0;15605,0
Bom Jesus do Tocantins;2024;609,0;7923,0;informado;13,0;0,285;Milho (em grão);1861,0;0,0;0,0;90,0;435,0;0,0;0,0;84,0;PA;False;49,3;13010,0
Bonito;2024;9740,0;135271,0;informado;8,0;0,82;Dendê (cacho de coco);116248,0;0,0;0,0;220,0;70,0;0,0;8850,0;600,0;PA;False;0,7;13888,0
Bragança;2024;5539,0;48356,0;informado;15,0;0,673;Mandioca;37873,0;0,0;0,0;332,0;620,0;0,0;67,0;4520,0;PA;False;7,2;8730,0
Brasil Novo;2024;11045,0;327368,0;informado;15,0;0,597;Cacau (em amêndoa);291773,0;2,0;0,0;736,0;1371,0;0,0;8396,0;540,0;PA;False;12,2;29639,0
Brejo Grande do Araguaia;2024;1820,0;11438,0;informado;8,0;0,397;Soja (em grão);4080,0;0,0;0,0;125,0;1635,0;0,0;0,0;60,0;PA;False;87,9;6285,0
Breu Branco;2024;6993,0;60005,0;informado;11,0;0,644;Soja (em grão);40631,0;0,0;0,0;100,0;6600,0;0,0;193,0;100,0;PA;False;94,4;8581,0
Breves;2024;3386,0;81475,0;informado;5,0;0,704;Açaí;75096,0;0,0;0,0;2996,0;0,0;0,0;0,0;390,0;PA;False;0,0;24062,0
Bujaru;2024;8677,0;269317,0;informado;11,0;0,53;Açaí;211650,0;0,0;0,0;6647,0;290,0;0,0;740,0;1000,0;PA;False;1,4;31038,0
Cachoeira do Piriá;2024;2151,0;20692,0;informado;12,0;0,254;Açaí;9278,0;0,0;200,0;921,0;295,0;0,0;60,0;675,0;PA;False;3,3;9620,0
Cachoeira do Arari;2024;12750,0;114825,0;informado;4,0;0,859;Arroz (em casca);96305,0;0,0;0,0;750,0;11800,0;0,0;0,0;200,0;PA;False;0,0;9006,0
Cametá;2024;44855,0;1000699,0;informado;14,0;0,492;Açaí;804933,0;0,0;0,0;30124,0;694,0;0,0;7037,0;7000,0;PA;False;0,6;22310,0
Canaã dos Carajás;2024;4891,0;56539,0;informado;11,0;0,68;Banana (cacho);27000,0;0,0;0,0;683,0;4008,0;0,0;50,0;150,0;PA;False;81,8;11560,0
Capanema;2024;8311,0;82200,0;informado;10,0;0,439;Mandioca;59562,0;0,0;0,0;311,0;3300,0;0,0;100,0;4600,0;PA;False;3,6;9891,0
Capitão Poço;2024;19805,0;487279,0;informado;12,0;0,323;Laranja;308146,0;0,0;100,0;12455,0;3050,0;0,0;1100,0;3100,0;PA;False;7,6;24604,0
Castanhal;2024;12354,0;300168,0;informado;13,0;0,451;Mandioca;176672,0;0,0;0,0;1620,0;800,0;0,0;1834,0;8100,0;PA;False;3,2;24297,0
Chaves;2024;70,0;1155,0;informado;1,0;1,0;Mandioca;1155,0;0,0;0,0;0,0;0,0;0,0;0,0;70,0;PA;False;0,0;16500,0
Colares;2024;415,0;3309,0;informado;7,0;0,84;Mandioca;3040,0;0,0;0,0;20,0;15,0;0,0;0,0;380,0;PA;False;2,4;7973,0
Conceição do Araguaia;2024;32117,0;226808,0;informado;9,0;0,521;Soja (em grão);135783,0;0,0;0,0;550,0;31040,0;0,0;7,0;520,0;PA;False;96,2;7062,0
Concórdia do Pará;2024;28840,0;365002,0;informado;14,0;0,599;Dendê (cacho de coco);165000,0;0,0;0,0;2995,0;165,0;0,0;23080,0;2600,0;PA;False;0,3;12656,0
Cumaru do Norte;2024;81800,0;434016,0;informado;11,0;0,513;Soja (em grão);324000,0;0,0;0,0;260,0;81220,0;0,0;70,0;250,0;PA;False;98,4;5306,0
Curionópolis;2024;6031,0;46790,0;informado;11,0;0,388;Soja (em grão);13386,0;0,0;0,0;321,0;5200,0;0,0;20,0;490,0;PA;False;86,2;7758,0
Curralinho;2024;3124,0;100170,0;informado;5,0;0,698;Açaí;96878,0;4,0;0,0;2563,0;0,0;0,0;0,0;557,0;PA;False;0,0;32065,0
Curuá;2024;677,0;20870,0;informado;10,0;0,438;Açaí;16555,0;0,0;0,0;541,0;62,0;0,0;4,0;70,0;PA;False;7,4;30827,0
Curuçá;2024;1435,0;38406,0;informado;13,0;0,345;Mandioca;13784,0;0,0;0,0;355,0;40,0;0,0;240,0;800,0;PA;False;1,4;26764,0
Dom Eliseu;2024;201644,0;1120309,0;informado;19,0;0,657;Soja (em grão);992135,0;0,0;0,0;340,0;201053,0;10,0;91,0;150,0;PA;False;95,7;5556,0
Eldorado do Carajás;2024;5802,0;56174,0;informado;14,0;0,591;Mandioca;15420,0;0,0;0,0;537,0;4515,0;0,0;120,0;630,0;PA;False;75,8;9682,0
Faro;2024;102,0;1888,0;informado;9,0;0,655;Mandioca;1644,0;1,0;0,0;17,0;2,0;0,0;0,0;82,0;PA;False;2,0;18510,0
Floresta do Araguaia;2024;17369,0;946633,0;informado;8,0;0,454;Abacaxi;855624,0;0,0;0,0;6775,0;10040,0;0,0;4,0;550,0;PA;False;57,6;54501,0
Garrafão do Norte;2024;8360,0;145271,0;informado;11,0;0,194;Pimenta-do-reino;52839,0;0,0;20,0;1827,0;1412,0;0,0;3001,0;2100,0;PA;False;9,6;17377,0
Goianésia do Pará;2024;14310,0;70543,0;informado;7,0;0,642;Soja (em grão);57646,0;0,0;0,0;150,0;14060,0;0,0;100,0;0,0;PA;False;92,7;4930,0
Gurupá;2024;1077,0;29890,0;informado;13,0;0,233;Açaí;11826,0;4,0;0,0;480,0;168,0;0,0;105,0;320,0;PA;False;2,8;27753,0
Igarapé-Açu;2024;10540,0;248269,0;informado;17,0;0,364;Pimenta-do-reino;116170,0;15,0;0,0;1585,0;210,0;0,0;7630,0;1100,0;PA;False;1,2;23555,0
Igarapé-Miri;2024;54814,0;1569560,0;informado;14,0;0,901;Açaí;1534000,0;10,0;0,0;52200,0;72,0;0,0;502,0;2030,0;PA;False;0,1;28634,0
Inhangapi;2024;5193,0;120375,0;informado;16,0;0,358;Açaí;66634,0;0,0;0,0;3014,0;25,0;0,0;454,0;1700,0;PA;False;0,2;23180,0
Ipixuna do Pará;2024;15302,0;108163,0;informado;19,0;0,358;Soja (em grão);49595,0;0,0;0,0;474,0;12550,0;0,0;378,0;1900,0;PA;False;78,4;7069,0
Irituia;2024;4208,0;62523,0;informado;12,0;0,183;Mandioca;17953,0;0,0;60,0;1027,0;800,0;0,0;1121,0;1200,0;PA;False;11,9;14858,0
Itaituba;2024;3014,0;54431,0;informado;20,0;0,15;Mandioca;27000,0;14,0;0,0;865,0;1176,0;1,0;352,0;606,0;PA;False;20,9;18059,0
Itupiranga;2024;8360,0;120817,0;informado;10,0;0,375;Mandioca;80955,0;0,0;0,0;965,0;3725,0;0,0;100,0;3570,0;PA;False;43,3;14452,0
Jacareacanga;2024;5002,0;95097,0;informado;13,0;0,24;Mandioca;67500,0;30,0;0,0;358,0;2570,0;0,0;44,0;2000,0;PA;False;32,0;19012,0
Jacundá;2024;450,0;4229,0;informado;4,0;0,397;Soja (em grão);1650,0;0,0;0,0;30,0;370,0;0,0;0,0;50,0;PA;False;82,2;9398,0
Juruti;2024;5226,0;147246,0;informado;13,0;0,916;Mandioca;144171,0;1,0;80,0;136,0;9,0;0,0;0,0;5000,0;PA;False;0,1;28176,0
Limoeiro do Ajuru;2024;9861,0;353027,0;informado;10,0;0,838;Açaí;345600,0;0,0;0,0;9024,0;28,0;0,0;109,0;700,0;PA;False;0,2;35800,0
Mãe do Rio;2024;3048,0;34276,0;informado;12,0;0,252;Dendê (cacho de coco);13360,0;0,0;0,0;315,0;900,0;0,0;1333,0;500,0;PA;False;19,7;11245,0
Magalhães Barata;2024;1193,0;16114,0;informado;9,0;0,707;Mandioca;12526,0;0,0;0,0;108,0;70,0;0,0;15,0;1000,0;PA;False;2,5;13507,0
Marabá;2024;17737,0;196186,0;informado;16,0;0,4;Mandioca;129900,0;0,0;0,0;1257,0;9735,0;0,0;45,0;6700,0;PA;False;53,5;11061,0
Maracanã;2024;2527,0;45956,0;informado;17,0;0,206;Pimenta-do-reino;15113,0;0,0;0,0;465,0;490,0;0,0;572,0;1000,0;PA;False;9,9;18186,0
Marapanim;2024;1508,0;28257,0;informado;14,0;0,521;Mandioca;15617,0;0,0;0,0;243,0;100,0;0,0;85,0;1080,0;PA;False;2,7;18738,0
Marituba;2024;;;indisponivel;;;;;0,0;0,0;0,0;0,0;0,0;0,0;0,0;PA;False;;
Medicilândia;2024;57764,0;2779363,0;informado;16,0;0,629;Cacau (em amêndoa);2401357,0;0,0;0,0;10783,0;2190,0;8,0;44563,0;220,0;PA;False;3,6;48116,0
Melgaço;2024;6804,0;132754,0;informado;5,0;0,589;Açaí;118534,0;0,0;0,0;4990,0;0,0;0,0;14,0;1800,0;PA;False;0,0;19511,0
Mocajuba;2024;18098,0;203513,0;informado;9,0;0,313;Açaí;87000,0;0,0;0,0;8798,0;3500,0;0,0;1800,0;4000,0;PA;False;16,6;11245,0
Moju;2024;42665,0;822122,0;informado;18,0;0,312;Dendê (cacho de coco);313425,0;0,0;0,0;13980,0;930,0;0,0;21355,0;6400,0;PA;False;1,9;19269,0
Mojuí dos Campos;2024;94043,0;470576,0;informado;20,0;0,513;Soja (em grão);352800,0;10,0;0,0;489,0;92056,0;0,0;88,0;1400,0;PA;False;96,2;5004,0
Monte Alegre;2024;15631,0;278117,0;informado;22,0;0,23;Mandioca;165000,0;15,0;0,0;4309,0;4788,0;40,0;479,0;6000,0;PA;False;19,2;17793,0
Muaná;2024;3390,0;44724,0;informado;3,0;0,948;Açaí;43597,0;0,0;0,0;3340,0;0,0;0,0;0,0;50,0;PA;False;0,0;13193,0
Nova Esperança do Piriá;2024;10398,0;96087,0;informado;10,0;0,42;Pimenta-do-reino;37740,0;0,0;100,0;543,0;6305,0;0,0;450,0;3000,0;PA;False;57,7;9241,0
Nova Ipixuna;2024;1071,0;12524,0;informado;9,0;0,389;Mandioca;6422,0;0,0;0,0;139,0;642,0;0,0;10,0;280,0;PA;False;56,0;11694,0
Nova Timboteua;2024;2863,0;41357,0;informado;10,0;0,46;Mandioca;17699,0;0,0;0,0;223,0;320,0;0,0;420,0;1900,0;PA;False;4,9;14445,0
Novo Progresso;2024;35847,0;227145,0;informado;18,0;0,647;Soja (em grão);156440,0;5,0;0,0;351,0;34481,0;0,0;10,0;1000,0;PA;False;90,6;6337,0
Novo Repartimento;2024;7566,0;362988,0;informado;9,0;0,78;Cacau (em amêndoa);344992,0;0,0;0,0;396,0;248,0;0,0;6672,0;250,0;PA;False;2,0;47976,0
Óbidos;2024;8423,0;210566,0;informado;16,0;0,902;Mandioca;203837,0;12,0;0,0;307,0;90,0;0,0;14,0;8000,0;PA;False;0,5;24999,0
Oeiras do Pará;2024;10726,0;300770,0;informado;8,0;0,462;Açaí;249600,0;0,0;0,0;6527,0;259,0;0,0;480,0;3460,0;PA;False;0,8;28041,0
Oriximiná;2024;14459,0;111286,0;informado;12,0;0,938;Mandioca;103879,0;5,0;0,0;242,0;212,0;0,0;0,0;14000,0;PA;False;0,9;7697,0
Ourém;2024;2463,0;45920,0;informado;10,0;0,238;Laranja;17730,0;0,0;8,0;955,0;400,0;0,0;200,0;900,0;PA;False;8,1;18644,0
Ourilândia do Norte;2024;1900,0;66784,0;informado;7,0;0,561;Cacau (em amêndoa);56000,0;0,0;0,0;220,0;180,0;0,0;1400,0;100,0;PA;False;8,9;35149,0
Pacajá;2024;14611,0;415658,0;informado;18,0;0,313;Cacau (em amêndoa);290007,0;10,0;0,0;1210,0;2564,0;0,0;7427,0;3400,0;PA;False;11,0;28448,0
Palestina do Pará;2024;790,0;7360,0;informado;5,0;0,444;Banana (cacho);3750,0;0,0;0,0;130,0;540,0;0,0;0,0;120,0;PA;False;63,3;9316,0
Paragominas;2024;320020,0;1850724,0;informado;17,0;0,726;Soja (em grão);1690133,0;0,0;0,0;514,0;318300,0;0,0;582,0;624,0;PA;False;95,9;5783,0
Parauapebas;2024;5671,0;150194,0;informado;13,0;0,251;Mandioca;89112,0;0,0;0,0;1225,0;2500,0;6,0;90,0;1850,0;PA;False;35,3;26485,0
Pau D'Arco;2024;8275,0;45287,0;informado;7,0;0,497;Soja (em grão);30000,0;0,0;0,0;65,0;8000,0;0,0;10,0;200,0;PA;False;96,7;5473,0
Peixe-Boi;2024;1321,0;7743,0;informado;10,0;0,363;Mandioca;4362,0;0,0;6,0;160,0;450,0;0,0;5,0;700,0;PA;False;26,5;5861,0
Piçarra;2024;3367,0;29580,0;informado;7,0;0,587;Milho (em grão);13500,0;0,0;0,0;60,0;2700,0;0,0;0,0;607,0;PA;False;80,2;8785,0
Placas;2024;22011,0;779982,0;informado;15,0;0,43;Cacau (em amêndoa);665646,0;5,0;0,0;1640,0;5150,0;0,0;14566,0;650,0;PA;False;18,2;35436,0
Ponta de Pedras;2024;3365,0;41498,0;informado;3,0;0,962;Açaí;41027,0;0,0;0,0;3335,0;0,0;0,0;0,0;30,0;PA;False;0,0;12332,0
Portel;2024;21780,0;316666,0;informado;4,0;0,617;Açaí;207958,0;0,0;0,0;5580,0;0,0;0,0;0,0;16200,0;PA;False;0,0;14539,0
Porto de Moz;2024;1226,0;30221,0;informado;16,0;0,186;Mandioca;12225,0;15,0;0,0;481,0;300,0;0,0;30,0;400,0;PA;False;11,4;24650,0
Prainha;2024;4525,0;66867,0;informado;17,0;0,357;Mandioca;45360,0;6,0;0,0;569,0;2100,0;0,0;50,0;1800,0;PA;False;2,2;14777,0
Primavera;2024;588,0;3548,0;informado;5,0;0,281;Pimenta-do-reino;1350,0;0,0;0,0;70,0;330,0;0,0;18,0;170,0;PA;False;39,1;6034,0
Quatipuru;2024;833,0;14421,0;informado;10,0;0,363;Açaí;9564,0;0,0;0,0;303,0;80,0;0,0;0,0;450,0;PA;False;4,8;17312,0
Redenção;2024;23330,0;298329,0;informado;8,0;0,408;Mandioca;176926,0;0,0;0,0;62,0;20768,0;0,0;0,0;2500,0;PA;False;88,3;12787,0
Rio Maria;2024;3474,0;43771,0;informado;4,0;0,443;Abacaxi;24570,0;0,0;0,0;300,0;3134,0;0,0;0,0;40,0;PA;False;90,2;12600,0
Rondon do Pará;2024;112139,0;768330,0;informado;12,0;0,51;Soja (em grão);561746,0;0,0;0,0;63,0;111585,0;8,0;3,0;480,0;PA;False;93,2;6852,0
Rurópolis;2024;10501,0;233625,0;informado;16,0;0,207;Cacau (em amêndoa);121027,0;10,0;0,0;3546,0;3130,0;0,0;2865,0;950,0;PA;False;22,6;22248,0
Salinópolis;2024;827,0;7756,0;informado;6,0;0,295;Coco-da-baía;3954,0;0,0;0,0;302,0;225,0;0,0;0,0;300,0;PA;False;14,5;9378,0
Salvaterra;2024;1740,0;41159,0;informado;5,0;0,501;Abacaxi;36639,0;0,0;0,0;600,0;1100,0;0,0;0,0;40,0;PA;False;0,0;23655,0
Santa Bárbara do Pará;2024;1975,0;22612,0;informado;5,0;0,627;Dendê (cacho de coco);17556,0;0,0;0,0;200,0;55,0;0,0;1540,0;180,0;PA;False;1,5;11449,0
Santa Izabel do Pará;2024;9043,0;319362,0;informado;10,0;0,787;Açaí;294000,0;0,0;0,0;8115,0;0,0;0,0;788,0;140,0;PA;False;0,0;35316,0
Santa Luzia do Pará;2024;2000,0;31120,0;informado;8,0;0,251;Pimenta-do-reino;14175,0;0,0;10,0;340,0;600,0;0,0;200,0;850,0;PA;False;17,5;15560,0
Santa Maria das Barreiras;2024;178500,0;752511,0;informado;15,0;0,46;Soja (em grão);576818,0;15,0;0,0;125,0;177730,0;0,0;10,0;620,0;PA;False;79,6;4216,0
Santa Maria do Pará;2024;7311,0;102208,0;informado;8,0;0,505;Mandioca;74927,0;0,0;0,0;240,0;730,0;0,0;1341,0;5000,0;PA;False;9,6;13980,0
Santana do Araguaia;2024;225990,0;1044736,0;informado;7,0;0,515;Soja (em grão);810000,0;0,0;250,0;15,0;225700,0;0,0;0,0;25,0;PA;False;92,9;4623,0
Santarém;2024;54411,0;327284,0;informado;20,0;0,425;Soja (em grão);164970,0;15,0;0,0;478,0;49345,0;10,0;563,0;4000,0;PA;False;89,1;6015,0
Santarém Novo;2024;1110,0;8357,0;informado;6,0;0,385;Mandioca;4281,0;0,0;0,0;30,0;500,0;0,0;30,0;550,0;PA;False;36,0;7529,0
Santo Antônio do Tauá;2024;4114,0;95329,0;informado;10,0;0,273;Açaí;26742,0;0,0;0,0;1560,0;60,0;0,0;2194,0;300,0;PA;False;1,5;23172,0
São Caetano de Odivelas;2024;1405,0;45112,0;informado;17,0;0,353;Mandioca;26690,0;10,0;0,0;395,0;140,0;0,0;60,0;800,0;PA;False;4,3;32108,0
São Domingos do Araguaia;2024;3615,0;67624,0;informado;7,0;0,357;Mandioca;43327,0;0,0;0,0;610,0;1065,0;0,0;40,0;1900,0;PA;False;24,9;18707,0
São Domingos do Capim;2024;17500,0;258705,0;informado;14,0;0,383;Mandioca;142835,0;0,0;0,0;3290,0;700,0;0,0;3510,0;10000,0;PA;False;2,0;14783,0
São Félix do Xingu;2024;33958,0;473419,0;informado;11,0;0,309;Cacau (em amêndoa);201600,0;0,0;0,0;2174,0;25244,0;0,0;5000,0;1540,0;PA;False;73,6;13941,0
São Francisco do Pará;2024;6172,0;112930,0;informado;14,0;0,442;Mandioca;64560,0;100,0;0,0;500,0;380,0;0,0;1192,0;4000,0;PA;False;4,9;18297,0
São Geraldo do Araguaia;2024;8955,0;97338,0;informado;9,0;0,55;Cacau (em amêndoa);41400,0;0,0;0,0;755,0;6540,0;0,0;1060,0;600,0;PA;False;72,6;10870,0
São João da Ponta;2024;734,0;18053,0;informado;14,0;0,225;Abacaxi;6036,0;0,0;0,0;242,0;54,0;0,0;138,0;300,0;PA;False;3,0;24595,0
São João de Pirabas;2024;492,0;3949,0;informado;8,0;0,214;Mandioca;1178,0;0,0;0,0;172,0;140,0;0,0;0,0;180,0;PA;False;16,3;8026,0
São João do Araguaia;2024;1405,0;35915,0;informado;9,0;0,293;Mandioca;19523,0;0,0;0,0;425,0;330,0;0,0;0,0;650,0;PA;False;19,9;25562,0
São Miguel do Guamá;2024;6953,0;108681,0;informado;12,0;0,371;Mandioca;59828,0;0,0;0,0;650,0;1500,0;0,0;803,0;4000,0;PA;False;14,4;15631,0
São Sebastião da Boa Vista;2024;5070,0;50694,0;informado;2,0;0,973;Açaí;50165,0;0,0;0,0;5000,0;0,0;0,0;0,0;70,0;PA;False;0,0;9999,0
Sapucaia;2024;2061,0;15200,0;informado;5,0;0,672;Milho (em grão);11224,0;0,0;0,0;9,0;2041,0;0,0;1,0;10,0;PA;False;99,0;7375,0
Senador José Porfírio;2024;6286,0;316022,0;informado;12,0;0,47;Cacau (em amêndoa);277221,0;15,0;0,0;945,0;795,0;0,0;4176,0;355,0;PA;False;10,3;50274,0
Soure;2024;125,0;545,0;informado;1,0;1,0;Coco-da-baía;545,0;0,0;0,0;125,0;0,0;0,0;0,0;0,0;PA;False;0,0;4360,0
Tailândia;2024;100035,0;834622,0;informado;15,0;0,435;Dendê (cacho de coco);612355,0;0,0;0,0;615,0;37100,0;0,0;61320,0;1000,0;PA;False;35,5;8343,0
Terra Alta;2024;916,0;18229,0;informado;12,0;0,389;Dendê (cacho de coco);6657,0;0,0;0,0;177,0;12,0;0,0;567,0;160,0;PA;False;0,5;19901,0
Terra Santa;2024;92,0;2106,0;informado;9,0;0,448;Mandioca;1640,0;5,0;0,0;16,0;11,0;0,0;0,0;60,0;PA;False;10,9;22891,0
Tomé-Açu;2024;62660,0;947027,0;informado;15,0;0,484;Dendê (cacho de coco);484740,0;0,0;0,0;4100,0;6350,0;0,0;49580,0;2630,0;PA;False;8,8;15114,0
Tracuateua;2024;3576,0;34022,0;informado;12,0;0,54;Mandioca;25660,0;0,0;30,0;236,0;755,0;0,0;15,0;2540,0;PA;False;2,8;9514,0
Trairão;2024;12646,0;155924,0;informado;18,0;0,139;Banana (cacho);42000,0;10,0;0,0;2015,0;7950,0;2,0;1661,0;1008,0;PA;False;34,8;12330,0
Tucumã;2024;14088,0;355895,0;informado;9,0;0,346;Cacau (em amêndoa);303105,0;0,0;0,0;280,0;7058,0;0,0;6600,0;150,0;PA;False;49,7;25262,0
Tucuruí;2024;242,0;5340,0;informado;7,0;0,211;Açaí;1543,0;0,0;0,0;92,0;54,0;0,0;26,0;70,0;PA;False;22,3;22066,0
Ulianópolis;2024;109378,0;688614,0;informado;24,0;0,511;Soja (em grão);477339,0;17000,0;0,0;367,0;91410,0;0,0;160,0;441,0;PA;False;78,8;6296,0
Uruará;2024;23810,0;1160643,0;informado;17,0;0,632;Cacau (em amêndoa);1095376,0;0,0;0,0;1084,0;3190,0;30,0;18846,0;660,0;PA;False;10,9;48746,0
Vigia;2024;795,0;13978,0;informado;7,0;0,425;Mandioca;6628,0;0,0;0,0;260,0;0,0;0,0;35,0;500,0;PA;False;0,0;17582,0
Viseu;2024;8585,0;96652,0;informado;14,0;0,382;Mandioca;45668,0;0,0;140,0;1265,0;2230,0;0,0;120,0;4830,0;PA;False;1,6;11258,0
Vitória do Xingu;2024;10806,0;212288,0;informado;18,0;0,343;Cacau (em amêndoa);161660,0;4,0;0,0;768,0;4275,0;0,0;5529,0;230,0;PA;False;38,9;19645,0
Xinguara;2024;15305,0;91924,0;informado;5,0;0,528;Milho (em grão);49150,0;0,0;0,0;0,0;15105,0;0,0;70,0;130,0;PA;False;98,2;6006,0
Abaetetuba;2025;34800,0;620095,0;informado;20,0;0,659;Açaí;542920,0;100,0;0,0;29120,0;225,0;0,0;3205,0;2150,0;PA;True;0,3;17819,0
Abel Figueiredo;2025;7539,0;56224,0;informado;10,0;0,55;Soja (em grão);35000,0;4,0;0,0;10,0;7503,0;0,0;2,0;20,0;PA;True;99,5;7458,0
Acará;2025;64049,0;1354070,0;informado;17,0;0,296;Mandioca;531998,0;0,0;0,0;16279,0;150,0;0,0;27320,0;20300,0;PA;True;0,1;21141,0
Afuá;2025;160,0;3019,0;informado;2,0;0,596;Mandioca;1821,0;0,0;0,0;45,0;0,0;0,0;0,0;115,0;PA;True;0,0;18869,0
Água Azul do Norte;2025;7171,0;53526,0;informado;9,0;0,613;Milho (em grão);23780,0;0,0;0,0;143,0;6600,0;100,0;180,0;148,0;PA;True;92,0;7464,0
Alenquer;2025;20487,0;297700,0;informado;16,0;0,551;Mandioca;212813,0;16,0;0,0;2315,0;2540,0;0,0;616,0;15000,0;PA;True;9,8;14531,0
Almeirim;2025;983,0;30973,0;informado;18,0;0,13;Abacaxi;9100,0;10,0;0,0;403,0;145,0;0,0;145,0;280,0;PA;True;9,7;31509,0
Altamira;2025;120088,0;827946,0;informado;20,0;0,407;Soja (em grão);275232,0;10,0;0,0;1862,0;111900,0;5,0;5661,0;650,0;PA;True;89,1;6894,0
Anajás;2025;12375,0;388478,0;informado;4,0;0,91;Açaí;378848,0;0,0;0,0;12065,0;0,0;0,0;0,0;310,0;PA;True;0,0;31392,0
Ananindeua;2025;38,0;756,0;informado;4,0;0,339;Banana (cacho);340,0;0,0;0,0;28,0;0,0;0,0;0,0;10,0;PA;True;0,0;19895,0
Anapu;2025;13728,0;385009,0;informado;17,0;0,467;Cacau (em amêndoa);294585,0;0,0;0,0;1982,0;1950,0;0,0;9246,0;550,0;PA;True;10,9;28046,0
Augusto Corrêa;2025;3274,0;31815,0;informado;16,0;0,601;Mandioca;17045,0;0,0;0,0;375,0;270,0;40,0;74,0;2515,0;PA;True;1,5;9717,0
Aurora do Pará;2025;8232,0;145045,0;informado;16,0;0,28;Açaí;52588,0;0,0;40,0;1897,0;600,0;0,0;4395,0;1300,0;PA;True;6,1;17620,0
Aveiro;2025;1955,0;49486,0;informado;19,0;0,269;Cacau (em amêndoa);20207,0;4,0;0,0;341,0;193,0;0,0;617,0;800,0;PA;True;2,5;25313,0
Bagre;2025;12854,0;458007,0;informado;6,0;0,882;Açaí;452685,0;0,0;0,0;12074,0;0,0;0,0;0,0;780,0;PA;True;0,0;35631,0
Baião;2025;25522,0;814244,0;informado;10,0;0,626;Mandioca;614346,0;0,0;0,0;1802,0;950,0;0,0;2770,0;20000,0;PA;True;3,1;31904,0
Bannach;2025;6884,0;48537,0;informado;6,0;0,581;Soja (em grão);40216,0;0,0;0,0;9,0;6853,0;0,0;7,0;15,0;PA;True;99,5;7051,0
Barcarena;2025;14499,0;317767,0;informado;18,0;0,502;Açaí;243600,0;5,0;0,0;10862,0;362,0;0,0;1720,0;1550,0;PA;True;2,1;21916,0
Belém;2025;176,0;3935,0;informado;2,0;0,934;Açaí;3863,0;0,0;0,0;176,0;0,0;0,0;0,0;0,0;PA;True;0,0;22358,0
Belterra;2025;58711,0;378327,0;informado;18,0;0,475;Soja (em grão);184140,0;0,0;0,0;391,0;57060,0;5,0;55,0;1200,0;PA;True;97,1;6444,0
Benevides;2025;833,0;14797,0;informado;8,0;0,574;Açaí;8456,0;0,0;0,0;768,0;0,0;0,0;65,0;0,0;PA;True;0,0;17764,0
Bom Jesus do Tocantins;2025;712,0;11499,0;informado;14,0;0,341;Milho (em grão);4224,0;0,0;0,0;158,0;480,0;0,0;0,0;74,0;PA;True;56,2;16150,0
Bonito;2025;8070,0;106867,0;informado;9,0;0,757;Dendê (cacho de coco);95340,0;0,0;0,0;410,0;230,0;0,0;7030,0;400,0;PA;True;1,6;13243,0
Bragança;2025;5625,0;47720,0;informado;16,0;0,74;Mandioca;35461,0;0,0;0,0;365,0;285,0;80,0;65,0;4830,0;PA;True;1,2;8484,0
Brasil Novo;2025;11687,0;410179,0;informado;19,0;0,602;Cacau (em amêndoa);370187,0;2,0;0,0;595,0;1518,0;0,0;8922,0;650,0;PA;True;12,8;35097,0
Brejo Grande do Araguaia;2025;2311,0;16684,0;informado;8,0;0,427;Soja (em grão);8192,0;0,0;0,0;135,0;2116,0;0,0;0,0;60,0;PA;True;89,8;7219,0
Breu Branco;2025;16463,0;95521,0;informado;18,0;0,29;Soja (em grão);41646,0;0,0;0,0;170,0;16040,0;15,0;196,0;42,0;PA;True;61,0;5802,0
Breves;2025;3883,0;121150,0;informado;6,0;0,696;Açaí;113491,0;0,0;0,0;3493,0;0,0;0,0;0,0;390,0;PA;True;0,0;31200,0
Bujaru;2025;9452,0;347172,0;informado;12,0;0,491;Açaí;286000,0;0,0;0,0;7372,0;100,0;0,0;1150,0;830,0;PA;True;1,1;36730,0
Cachoeira do Piriá;2025;2010,0;33586,0;informado;13,0;0,281;Açaí;19294,0;0,0;0,0;925,0;230,0;120,0;60,0;675,0;PA;True;3,0;16709,0
Cachoeira do Arari;2025;12750,0;84637,0;informado;4,0;0,859;Arroz (em casca);66656,0;0,0;0,0;750,0;11800,0;0,0;0,0;200,0;PA;True;0,0;6638,0
Cametá;2025;50044,0;1380869,0;informado;15,0;0,512;Açaí;1055156,0;0,0;0,0;34913,0;694,0;0,0;7437,0;7000,0;PA;True;0,5;27593,0
Canaã dos Carajás;2025;12389,0;60210,0;informado;11,0;0,938;Milho (em grão);48000,0;0,0;0,0;181,0;12008,0;0,0;30,0;170,0;PA;True;96,9;4860,0
Capanema;2025;3285,0;33433,0;informado;10,0;0,507;Mandioca;17057,0;0,0;0,0;595,0;350,0;0,0;40,0;2300,0;PA;True;6,1;10177,0
Capitão Poço;2025;21255,0;589421,0;informado;12,0;0,356;Laranja;424800,0;0,0;0,0;14005,0;3050,0;0,0;1100,0;3100,0;PA;True;7,1;27731,0
Castanhal;2025;11989,0;218280,0;informado;15,0;0,479;Mandioca;75889,0;0,0;0,0;1575,0;400,0;0,0;1914,0;8100,0;PA;True;1,7;18207,0
Chaves;2025;80,0;1242,0;informado;1,0;1,0;Mandioca;1242,0;0,0;0,0;0,0;0,0;0,0;0,0;80,0;PA;True;0,0;15525,0
Colares;2025;305,0;5748,0;informado;5,0;0,47;Açaí;4875,0;0,0;0,0;225,0;30,0;0,0;0,0;50,0;PA;True;9,8;18846,0
Conceição do Araguaia;2025;43967,0;280966,0;informado;10,0;0,449;Soja (em grão);166546,0;0,0;0,0;550,0;42889,0;0,0;8,0;520,0;PA;True;91,5;6390,0
Concórdia do Pará;2025;29247,0;328080,0;informado;17,0;0,583;Dendê (cacho de coco);130240,0;0,0;0,0;3372,0;165,0;0,0;23110,0;2600,0;PA;True;0,3;11218,0
Cumaru do Norte;2025;98650,0;593226,0;informado;9,0;0,514;Soja (em grão);461916,0;0,0;0,0;250,0;98220,0;0,0;30,0;150,0;PA;True;98,8;6013,0
Curionópolis;2025;6246,0;52870,0;informado;14,0;0,363;Mandioca;16414,0;0,0;0,0;416,0;5300,0;0,0;30,0;500,0;PA;True;83,3;8465,0
Curralinho;2025;3399,0;109429,0;informado;5,0;0,688;Açaí;105188,0;5,0;0,0;2769,0;0,0;0,0;0,0;625,0;PA;True;0,0;32194,0
Curuá;2025;695,0;21321,0;informado;9,0;0,423;Açaí;18318,0;0,0;0,0;534,0;36,0;20,0;5,0;100,0;PA;True;3,6;30678,0
Curuçá;2025;1729,0;31932,0;informado;14,0;0,369;Açaí;12530,0;0,0;0,0;551,0;30,0;0,0;148,0;1000,0;PA;True;1,2;18468,0
Dom Eliseu;2025;186851,0;1099929,0;informado;21,0;0,523;Soja (em grão);840000,0;0,0;0,0;372,0;186253,0;6,0;120,0;100,0;PA;True;87,2;5887,0
Eldorado do Carajás;2025;5640,0;46368,0;informado;16,0;0,619;Milho (em grão);13200,0;0,0;0,0;575,0;4465,0;0,0;150,0;450,0;PA;True;78,0;8221,0
Faro;2025;108,0;1667,0;informado;10,0;0,614;Mandioca;1314,0;1,0;0,0;18,0;2,0;3,0;0,0;84,0;PA;True;1,9;15435,0
Floresta do Araguaia;2025;37206,0;1055129,0;informado;11,0;0,278;Abacaxi;871200,0;0,0;0,0;8137,0;28361,0;80,0;8,0;620,0;PA;True;64,0;28359,0
Garrafão do Norte;2025;8340,0;121369,0;informado;10,0;0,195;Pimenta-do-reino;47551,0;0,0;0,0;1827,0;1412,0;0,0;3001,0;2100,0;PA;True;9,6;14553,0
Goianésia do Pará;2025;21359,0;129315,0;informado;13,0;0,496;Soja (em grão);86471,0;0,0;0,0;175,0;20498,0;500,0;105,0;81,0;PA;True;79,3;6054,0
Gurupá;2025;1204,0;31499,0;informado;15,0;0,243;Mandioca;9450,0;4,0;0,0;507,0;168,0;0,0;105,0;420,0;PA;True;2,5;26162,0
Igarapé-Açu;2025;11705,0;242940,0;informado;20,0;0,39;Dendê (cacho de coco);87623,0;15,0;0,0;1750,0;210,0;0,0;8630,0;1100,0;PA;True;1,1;20755,0
Igarapé-Miri;2025;55149,0;1711355,0;informado;15,0;0,891;Açaí;1676790,0;10,0;0,0;52535,0;72,0;0,0;502,0;2030,0;PA;True;0,1;31031,0
Inhangapi;2025;5223,0;98450,0;informado;18,0;0,353;Açaí;68545,0;0,0;0,0;2984,0;85,0;0,0;454,0;1700,0;PA;True;0,8;18849,0
Ipixuna do Pará;2025;21094,0;198490,0;informado;20,0;0,303;Soja (em grão);62000,0;0,0;0,0;484,0;17950,0;0,0;310,0;2350,0;PA;True;71,1;9410,0
Irituia;2025;4171,0;65300,0;informado;11,0;0,186;Açaí;15868,0;0,0;0,0;1100,0;750,0;0,0;1121,0;1200,0;PA;True;12,0;15656,0
Itaituba;2025;3125,0;61604,0;informado;21,0;0,152;Mandioca;25603,0;3,0;0,0;965,0;1210,0;0,0;352,0;595,0;PA;True;20,8;19713,0
Itupiranga;2025;8227,0;125116,0;informado;11,0;0,387;Mandioca;90220,0;0,0;0,0;842,0;3715,0;0,0;100,0;3570,0;PA;True;44,0;15208,0
Jacareacanga;2025;3988,0;104911,0;informado;14,0;0,319;Mandioca;82470,0;10,0;0,0;344,0;1622,0;0,0;12,0;2000,0;PA;True;22,2;26307,0
Jacundá;2025;674,0;8900,0;informado;12,0;0,281;Açaí;4080,0;0,0;0,0;139,0;490,0;0,0;0,0;45,0;PA;True;66,8;13205,0
Juruti;2025;6201,0;101806,0;informado;13,0;0,937;Mandioca;96930,0;3,0;0,0;174,0;9,0;15,0;0,0;6000,0;PA;True;0,1;16418,0
Limoeiro do Ajuru;2025;11912,0;408464,0;informado;11,0;0,856;Açaí;397467,0;0,0;0,0;11037,0;28,0;0,0;147,0;700,0;PA;True;0,2;34290,0
Mãe do Rio;2025;5411,0;100243,0;informado;13,0;0,146;Laranja;30609,0;0,0;0,0;2438,0;1100,0;0,0;1373,0;500,0;PA;True;12,9;18526,0
Magalhães Barata;2025;1193,0;12795,0;informado;9,0;0,707;Mandioca;9362,0;0,0;0,0;108,0;70,0;0,0;15,0;1000,0;PA;True;2,5;10725,0
Marabá;2025;18792,0;233943,0;informado;15,0;0,369;Mandioca;156028,0;0,0;0,0;1932,0;9660,0;0,0;300,0;6900,0;PA;True;50,8;12449,0
Maracanã;2025;2583,0;38340,0;informado;20,0;0,195;Pimenta-do-reino;8917,0;0,0;0,0;569,0;440,0;0,0;574,0;1000,0;PA;True;9,7;14843,0
Marapanim;2025;1523,0;20022,0;informado;15,0;0,511;Mandioca;9750,0;0,0;0,0;258,0;100,0;0,0;85,0;1080,0;PA;True;2,6;13146,0
Marituba;2025;8,0;166,0;informado;1,0;1,0;Açaí;166,0;0,0;0,0;8,0;0,0;0,0;0,0;0,0;PA;True;0,0;20750,0
Medicilândia;2025;60416,0;2313817,0;informado;17,0;0,638;Cacau (em amêndoa);1907091,0;0,0;0,0;11015,0;2155,0;3,0;47023,0;220,0;PA;True;3,5;38298,0
Melgaço;2025;6843,0;170374,0;informado;6,0;0,677;Açaí;161700,0;0,0;0,0;5629,0;0,0;0,0;14,0;1200,0;PA;True;0,0;24898,0
Mocajuba;2025;18368,0;586980,0;informado;11,0;0,304;Açaí;424468,0;0,0;0,0;8828,0;3500,0;0,0;2040,0;4000,0;PA;True;16,3;31957,0
Moju;2025;44190,0;738162,0;informado;20,0;0,295;Dendê (cacho de coco);340171,0;0,0;0,0;15505,0;930,0;0,0;21355,0;6400,0;PA;True;1,8;16704,0
Mojuí dos Campos;2025;116026,0;741844,0;informado;21,0;0,469;Soja (em grão);362340,0;10,0;0,0;503,0;112925,0;0,0;88,0;2500,0;PA;True;96,4;6394,0
Monte Alegre;2025;15550,0;237369,0;informado;23,0;0,232;Mandioca;94268,0;15,0;0,0;4532,0;4588,0;8,0;407,0;6000,0;PA;True;18,0;15265,0
Muaná;2025;1840,0;18400,0;informado;3,0;0,906;Açaí;17145,0;0,0;0,0;1790,0;0,0;0,0;0,0;50,0;PA;True;0,0;10000,0
Nova Esperança do Piriá;2025;11947,0;88987,0;informado;11,0;0,492;Milho (em grão);23920,0;0,0;0,0;885,0;8342,0;0,0;320,0;2400,0;PA;True;67,0;7448,0
Nova Ipixuna;2025;1241,0;17940,0;informado;10,0;0,303;Mandioca;7607,0;0,0;0,0;299,0;642,0;0,0;20,0;280,0;PA;True;48,3;14456,0
Nova Timboteua;2025;1049,0;11661,0;informado;10,0;0,234;Dendê (cacho de coco);4118,0;0,0;0,0;157,0;210,0;0,0;282,0;400,0;PA;True;10,5;11116,0
Novo Progresso;2025;74671,0;344516,0;informado;21,0;0,386;Soja (em grão);240000,0;8,0;0,0;391,0;74167,0;0,0;10,0;95,0;PA;True;77,7;4614,0
Novo Repartimento;2025;8993,0;354282,0;informado;10,0;0,702;Cacau (em amêndoa);330375,0;0,0;0,0;422,0;310,0;505,0;7506,0;250,0;PA;True;2,9;39395,0
Óbidos;2025;9257,0;160783,0;informado;19,0;0,904;Mandioca;151280,0;12,0;0,0;330,0;87,0;15,0;13,0;8800,0;PA;True;0,5;17369,0
Oeiras do Pará;2025;11591,0;384437,0;informado;9,0;0,456;Açaí;313609,0;0,0;0,0;7392,0;259,0;0,0;480,0;3460,0;PA;True;0,7;33167,0
Oriximiná;2025;12438,0;121869,0;informado;13,0;0,931;Mandioca;114600,0;7,0;0,0;246,0;155,0;30,0;0,0;12000,0;PA;True;0,8;9798,0
Ourém;2025;2975,0;44176,0;informado;9,0;0,288;Laranja;18483,0;0,0;0,0;1305,0;320,0;0,0;150,0;1200,0;PA;True;6,7;14849,0
Ourilândia do Norte;2025;1660,0;36769,0;informado;7,0;0,544;Cacau (em amêndoa);27440,0;0,0;0,0;170,0;210,0;0,0;1200,0;80,0;PA;True;12,0;22150,0
Pacajá;2025;13975,0;307720,0;informado;19,0;0,302;Cacau (em amêndoa);170335,0;10,0;0,0;1285,0;2754,0;0,0;6526,0;3400,0;PA;True;14,3;22019,0
Palestina do Pará;2025;905,0;7251,0;informado;8,0;0,466;Mandioca;2107,0;0,0;0,0;95,0;640,0;50,0;0,0;120,0;PA;True;66,3;8012,0
Paragominas;2025;422959,0;2305496,0;informado;19,0;0,538;Soja (em grão);1800000,0;0,0;0,0;425,0;421400,0;0,0;634,0;500,0;PA;True;82,8;5451,0
Parauapebas;2025;5791,0;135729,0;informado;15,0;0,241;Mandioca;73420,0;0,0;0,0;1345,0;2500,0;6,0;90,0;1850,0;PA;True;34,5;23438,0
Pau D'Arco;2025;4910,0;36437,0;informado;7,0;0,49;Soja (em grão);20924,0;0,0;0,0;66,0;4585,0;0,0;29,0;230,0;PA;True;93,4;7421,0
Peixe-Boi;2025;1042,0;7616,0;informado;9,0;0,258;Pimenta-do-reino;3424,0;0,0;0,0;208,0;450,0;0,0;34,0;350,0;PA;True;33,6;7309,0
Piçarra;2025;2884,0;23973,0;informado;8,0;0,758;Milho (em grão);14715,0;0,0;0,0;57,0;2647,0;0,0;0,0;180,0;PA;True;91,2;8312,0
Placas;2025;23010,0;753014,0;informado;16,0;0,427;Cacau (em amêndoa);667000,0;5,0;0,0;1659,0;5800,0;0,0;14946,0;600,0;PA;True;19,6;32726,0
Ponta de Pedras;2025;3365,0;44205,0;informado;3,0;0,962;Açaí;43579,0;0,0;0,0;3335,0;0,0;0,0;0,0;30,0;PA;True;0,0;13137,0
Portel;2025;24870,0;368529,0;informado;4,0;0,63;Açaí;243000,0;0,0;0,0;6070,0;0,0;0,0;0,0;18800,0;PA;True;0,0;14818,0
Porto de Moz;2025;1100,0;29040,0;informado;18,0;0,143;Açaí;6728,0;15,0;0,0;555,0;300,0;0,0;30,0;200,0;PA;True;12,7;26400,0
Prainha;2025;6005,0;65285,0;informado;19,0;0,281;Mandioca;26280,0;6,0;0,0;599,0;4150,0;0,0;50,0;1200,0;PA;True;35,0;10872,0
Primavera;2025;757,0;6047,0;informado;7,0;0,346;Mandioca;3000,0;0,0;0,0;80,0;252,0;0,0;25,0;400,0;PA;True;19,8;7988,0
Quatipuru;2025;828,0;15080,0;informado;10,0;0,369;Açaí;9196,0;0,0;0,0;298,0;80,0;0,0;0,0;450,0;PA;True;7,2;18213,0
Redenção;2025;28350,0;268081,0;informado;10,0;0,327;Mandioca;128535,0;0,0;0,0;45,0;25805,0;0,0;0,0;2500,0;PA;True;78,1;9456,0
Rio Maria;2025;6300,0;74512,0;informado;4,0;0,445;Abacaxi;33390,0;0,0;0,0;350,0;5900,0;0,0;0,0;50,0;PA;True;93,7;11827,0
Rondon do Pará;2025;126638,0;727903,0;informado;14,0;0,475;Soja (em grão);496627,0;0,0;0,0;62,0;126085,0;8,0;3,0;480,0;PA;True;88,4;5748,0
Rurópolis;2025;11006,0;192157,0;informado;18,0;0,212;Cacau (em amêndoa);105349,0;10,0;0,0;4089,0;2976,0;0,0;3031,0;900,0;PA;True;20,1;17459,0
Salinópolis;2025;517,0;3916,0;informado;6,0;0,318;Mandioca;1644,0;0,0;0,0;52,0;215,0;0,0;0,0;250,0;PA;True;23,2;7574,0
Salvaterra;2025;1740,0;46492,0;informado;5,0;0,501;Abacaxi;39872,0;0,0;0,0;600,0;1100,0;0,0;0,0;40,0;PA;True;0,0;26720,0
Santa Bárbara do Pará;2025;2240,0;38674,0;informado;5,0;0,527;Dendê (cacho de coco);18917,0;0,0;0,0;515,0;40,0;0,0;1540,0;145,0;PA;True;1,8;17265,0
Santa Izabel do Pará;2025;6448,0;306100,0;informado;11,0;0,613;Açaí;272667,0;0,0;0,0;5260,0;0,0;0,0;788,0;400,0;PA;True;0,0;47472,0
Santa Luzia do Pará;2025;1610,0;41160,0;informado;8,0;0,222;Açaí;25920,0;0,0;0,0;790,0;430,0;0,0;90,0;300,0;PA;True;17,4;25565,0
Santa Maria das Barreiras;2025;227999,0;1065599,0;informado;16,0;0,336;Soja (em grão);819232,0;0,0;0,0;95,0;227444,0;250,0;5,0;205,0;PA;True;71,8;4674,0
Santa Maria do Pará;2025;7336,0;78497,0;informado;9,0;0,502;Mandioca;49175,0;0,0;0,0;270,0;750,0;0,0;1316,0;5000,0;PA;True;9,5;10700,0
Santana do Araguaia;2025;230825,0;1104096,0;informado;8,0;0,443;Soja (em grão);833848,0;0,0;280,0;20,0;230500,0;0,0;0,0;25,0;PA;True;88,8;4783,0
Santarém;2025;54167,0;288648,0;informado;22,0;0,436;Soja (em grão);160740,0;10,0;0,0;539,0;50045,0;10,0;563,0;3000,0;PA;True;90,8;5329,0
Santarém Novo;2025;494,0;3488,0;informado;6,0;0,426;Mandioca;1878,0;0,0;0,0;24,0;160,0;0,0;10,0;300,0;PA;True;20,2;7061,0
Santo Antônio do Tauá;2025;9790,0;145081,0;informado;12,0;0,339;Coco-da-baía;56202,0;0,0;0,0;5290,0;50,0;0,0;3920,0;530,0;PA;True;0,1;14819,0
São Caetano de Odivelas;2025;1753,0;44912,0;informado;18,0;0,413;Mandioca;26800,0;0,0;0,0;455,0;80,0;60,0;58,0;1100,0;PA;True;0,0;25620,0
São Domingos do Araguaia;2025;1270,0;15863,0;informado;11,0;0,219;Açaí;3785,0;0,0;0,0;268,0;790,0;50,0;42,0;120,0;PA;True;39,4;12491,0
São Domingos do Capim;2025;17210,0;222297,0;informado;15,0;0,396;Mandioca;108832,0;0,0;0,0;3350,0;570,0;0,0;3290,0;10000,0;PA;True;2,0;12917,0
São Félix do Xingu;2025;39219,0;398891,0;informado;11,0;0,313;Soja (em grão);123000,0;0,0;0,0;2289,0;30390,0;0,0;5000,0;1540,0;PA;True;76,5;10171,0
São Francisco do Pará;2025;5737,0;83763,0;informado;16,0;0,504;Mandioca;43200,0;100,0;0,0;505,0;140,0;0,0;992,0;4000,0;PA;True;1,7;14600,0
São Geraldo do Araguaia;2025;8959,0;112763,0;informado;12,0;0,548;Cacau (em amêndoa);55776,0;0,0;0,0;659,0;6590,0;0,0;1060,0;650,0;PA;True;72,6;12587,0
São João da Ponta;2025;814,0;16406,0;informado;16,0;0,204;Açaí;4798,0;0,0;0,0;322,0;54,0;0,0;138,0;300,0;PA;True;2,7;20155,0
São João de Pirabas;2025;791,0;20187,0;informado;9,0;0,221;Açaí;13920,0;0,0;0,0;451,0;190,0;0,0;0,0;150,0;PA;True;12,6;25521,0
São João do Araguaia;2025;1897,0;42905,0;informado;13,0;0,233;Mandioca;18753,0;0,0;0,0;407,0;500,0;240,0;0,0;750,0;PA;True;21,1;22617,0
São Miguel do Guamá;2025;7070,0;74694,0;informado;13,0;0,359;Mandioca;24941,0;0,0;0,0;740,0;1500,0;0,0;830,0;4000,0;PA;True;14,1;10565,0
São Sebastião da Boa Vista;2025;5070,0;48066,0;informado;2,0;0,973;Açaí;47466,0;0,0;0,0;5000,0;0,0;0,0;0,0;70,0;PA;True;0,0;9480,0
Sapucaia;2025;3239,0;18570,0;informado;5,0;0,765;Milho (em grão);13200,0;0,0;0,0;7,0;3204,0;20,0;0,0;8,0;PA;True;98,9;5733,0
Senador José Porfírio;2025;6362,0;213674,0;informado;15,0;0,456;Cacau (em amêndoa);182423,0;5,0;0,0;851,0;930,0;0,0;4181,0;395,0;PA;True;12,6;33586,0
Soure;2025;125,0;709,0;informado;1,0;1,0;Coco-da-baía;709,0;0,0;0,0;125,0;0,0;0,0;0,0;0,0;PA;True;0,0;5672,0
Tailândia;2025;134791,0;1149426,0;informado;18,0;0,343;Dendê (cacho de coco);763088,0;0,0;0,0;671,0;71800,0;0,0;61320,0;1000,0;PA;True;51,9;8527,0
Terra Alta;2025;971,0;18871,0;informado;14,0;0,348;Dendê (cacho de coco);7552,0;0,0;0,0;232,0;12,0;0,0;567,0;160,0;PA;True;0,5;19435,0
Terra Santa;2025;126,0;2524,0;informado;10,0;0,524;Mandioca;1864,0;5,0;0,0;19,0;11,0;1,0;0,0;90,0;PA;True;7,9;20032,0
Tomé-Açu;2025;67593,0;1156799,0;informado;17,0;0,434;Dendê (cacho de coco);522720,0;0,0;0,0;6519,0;5100,0;0,0;52774,0;3200,0;PA;True;6,1;17114,0
Tracuateua;2025;3421,0;32056,0;informado;13,0;0,575;Mandioca;23116,0;0,0;35,0;246,0;555,0;30,0;15,0;2540,0;PA;True;1,5;9370,0
Trairão;2025;11458,0;143079,0;informado;20,0;0,144;Banana (cacho);36771,0;10,0;0,0;1699,0;7550,0;3,0;1206,0;990,0;PA;True;38,4;12487,0
Tucumã;2025;15683,0;224044,0;informado;9,0;0,343;Cacau (em amêndoa);168700,0;0,0;0,0;430,0;8005,0;0,0;7088,0;160,0;PA;True;51,0;14286,0
Tucuruí;2025;702,0;12624,0;informado;11,0;0,177;Milho verde;6200,0;0,0;0,0;116,0;234,0;203,0;42,0;107,0;PA;True;17,7;17983,0
Ulianópolis;2025;154307,0;1027738,0;informado;24,0;0,622;Soja (em grão);720000,0;17000,0;0,0;299,0;136355,0;0,0;138,0;515,0;PA;True;84,7;6660,0
Uruará;2025;26281,0;724033,0;informado;19,0;0,579;Cacau (em amêndoa);640171,0;0,0;0,0;2436,0;3312,0;20,0;19853,0;660,0;PA;True;10,4;27550,0
Vigia;2025;820,0;14929,0;informado;8,0;0,401;Mandioca;6000,0;0,0;0,0;285,0;0,0;0,0;35,0;500,0;PA;True;0,0;18206,0
Viseu;2025;6598,0;74956,0;informado;16,0;0,41;Mandioca;34901,0;0,0;0,0;1157,0;1150,0;160,0;101,0;4030,0;PA;True;2,1;11360,0
Vitória do Xingu;2025;11896,0;206478,0;informado;18,0;0,324;Cacau (em amêndoa);154281,0;4,0;0,0;723,0;5275,0;0,0;5664,0;230,0;PA;True;43,7;17357,0
Xinguara;2025;19210,0;134139,0;informado;5,0;0,482;Soja (em grão);64800,0;0,0;0,0;0,0;18830,0;200,0;50,0;130,0;PA;True;98,0;6983,0
